{
    "https://www.youtube.com/watch?v=kffacxfA7G4": "Justin Bieber - Baby (Official Music Video) ft. Ludacris",
    "https://www.youtube.com/watch?v=ufFkzabg2Dg": "Wolfoo Makes DIY Playhouse for Baby Jenny - Hot vs Cold Challenge | Wolfoo Official Channel",
    "https://www.youtube.com/watch?v=vX_xXnlY1PU": "GUESS THE FACE CHALLENGE | BROTHER VS BROTHER | BABY QUEEN | Rimorav Vlogs presents RI Vlogs",
    "https://www.youtube.com/watch?v=ofXb-cOgPzY": "Baby Jenny, I'm Sorry! - Wolfoo Learns How to Take Care of Baby | Wolfoo Official Channel",
    "https://www.youtube.com/watch?v=020g-0hhCAU": "Baby Shark | CoComelon Nursery Rhymes & Kids Songs",
    "https://www.youtube.com/watch?v=2gyK4IvZ4js": "Reacting To Branson's Baby Pics Compared To Baby Neymar!",
    "https://www.youtube.com/watch?v=Uim4GwSfzxY": "Baby Justin Bieber Lyrics",
    "https://www.youtube.com/watch?v=CTmKrwFu7wg": "Tesher x Jason Derulo - Jalebi Baby (Official Video)",
    "https://www.youtube.com/watch?v=myz0kxHLnLU": "Best Videos Of Funny Twin Babies Compilation  - Twins Baby Video",
    "https://www.youtube.com/watch?v=hlznpxNGFGQ": "Clean Bandit - Baby (feat. Marina & Luis Fonsi) [Official Video]",
    "https://www.youtube.com/watch?v=2vwAnh3CIVw": "Baby Lily Pretend Plays Wash Your Hands | Kids Stories About Washing Your Hands!",
    "https://www.youtube.com/watch?v=fFhH-pt9JW8": "Funny Babies Playing Slide Fails - Cute Baby Videos",
    "https://www.youtube.com/watch?v=ZLLsmXR3wdk": "MOMMY LONG LEGS Has a BABY?! (Cartoon Animation)",
    "https://www.youtube.com/watch?v=V3-znKTlilw": "Baby alive Nursery organization Tour how I organize my doll accessories",
    "https://www.youtube.com/watch?v=pLhNdJNwGC8": "Baby Girl | Guru Randhawa Dhvani Bhanushali | Remo D'Souza | Bhushan Kumar | Vee",
    "https://www.youtube.com/watch?v=tyrN3QbFFFk": "Justin Bieber - Baby ft. Ludacris (Lyrics)",
    "https://www.youtube.com/watch?v=u43T38Vu9tg": "Justin Bieber - Baby (live from Amazon Our World) HD",
    "https://www.youtube.com/watch?v=zd8Rkq2hTO8": "Boo Boo Song plus more Baby Songs - ChuChu TV Baby Nursery Rhymes & Kids Songs",
    "https://www.youtube.com/shorts/oBwjdROepmQ": "baby shark do do do 😍 #youtubeshorts #shorts #cutebaby #myboy",
    "https://www.youtube.com/watch?v=ZuBW9sQWXtE": "Superhero Song | Little Angel Kids Songs & Nursery Rhymes",
    "https://www.youtube.com/watch?v=JL2uOiC-yXY": "Justin Bieber - Baby ft. Ludacris (Lyrics)",
    "https://www.youtube.com/watch?v=-2g6yFF1zCk": "Circus Baby Performed ILLEGAL EXPERIMENTS on Glamrock Freddy on VRCHAT",
    "https://www.youtube.com/shorts/2FE5YbEQ5y4": "মনা.... তুমি যদি ঘোড়ার থেকে পড়ে যাও | Baby Mom Comedy #shorts",
    "https://www.youtube.com/watch?v=_j6KT_AEOkw": "Baby, Please Don't Die...",
    "https://www.youtube.com/watch?v=IFtwhMK64H8": "Tesher - Jalebi Baby (Official Lyric Video)",
    "https://www.youtube.com/watch?v=436O0XnT3yQ": "Old MacDonald Baby Animals! | @Cocomelon - Nursery Rhymes | Learning Videos For Toddlers",
    "https://www.youtube.com/watch?v=7LudwB8rXh4": "Baby - Justin Bieber (Feat. Ludacris) (Lyrics) 🎵",
    "https://www.youtube.com/watch?v=gvlRlW0iYLI": "Try Not To Laugh : 1001 Funny Reaction Babies when Play Water The First Time | Baby Videos",
    "https://www.youtube.com/watch?v=YVJs2v_v1s8": "Sad Backstory of Baby // A DAY in the LIFE of MOMMY LONG LEGS // Poppy Playtime Chapter 2 Animation",
    "https://www.youtube.com/watch?v=WMcr_PaAkZY": "Cutest Newborn Baby Moment: Welcome To The World || 5-Minute Fails",
    "https://www.youtube.com/watch?v=Y3FyLD5GReU": "Diana teaches baby Oliver to walk and other funny stories with little brother",
    "https://www.youtube.com/watch?v=TTl6ydq7xbg": "Justin Bieber - Baby ft. Ludacris / Woomin Jang Choreography",
    "https://www.youtube.com/watch?v=qfyxd_CFGic": "Baby Girl SMILES During 3D Ultrasound!! (AMAZING)",
    "https://www.youtube.com/watch?v=bKNY3QDBJiY": "Little Baby Girl Fun Learning Colors for Children with Color Eggs Dinosaur Cartoons 3D Kids Edu Play",
    "https://www.youtube.com/watch?v=ymlL5ur-5mY": "Monster School : BABY ZOMBIES FIGHT WITH KING SKELETON FOR FAMILY - Sad Story - Minecraft Animation",
    "https://www.youtube.com/watch?v=RtcgW0nTcOI": "Baby John At The Waterpark| Fun Sing Along Songs by Little Angel Playtime",
    "https://www.youtube.com/watch?v=V0KOZdrXqys": "Soccer Balls Mini Golf Game Play by Little Baby Wooden Hammer to Learn Colors for Children - 3D Kids",
    "https://www.youtube.com/watch?v=nbfWVn9waM8": "Cute Babies Playing With Dogs Compilation | Funny Baby And Pets",
    "https://www.youtube.com/watch?v=LZa1PRC_Yw4": "[Animation] Delicious Candy Cat🍭😽 -Baby Long Legs Home Alone- Sad Story But Happy Ending | SLIME CAT",
    "https://www.youtube.com/watch?v=PwkBs-0qfN4": "Baby Spiderman in Madame Webb Plot Leak Explained (தமிழ்)",
    "https://www.youtube.com/watch?v=xYzdn5y2fwU": "Mommy Long Legs vs Baby Long Legs vs Daddy Long Legs vs Player | Beat Roller",
    "https://www.youtube.com/watch?v=7oAQvsHA7Sw": "BABY NUMBER 10?? Our honest thoughts on another baby || Large family life",
    "https://www.youtube.com/watch?v=Q9odxhPzVfw": "Pandya Store: Rishita gives birth to a baby girl | SBS",
    "https://www.youtube.com/watch?v=KqLJ3hWZExM": "Baby Chris and his travels all over the world with family | Compilation video",
    "https://www.youtube.com/watch?v=7ZaE4wg2Mrs": "MY BABY BROKE HIS NEW BEDROOM!!! (With Kindly Keyin) | Who’s Your Daddy",
    "https://www.youtube.com/watch?v=dHdhOK6loSk": "😭 Taking Care of Baby 👶🍼 Baby Care Song || VocaVoca🥑 Kids Songs And Nursery Rhymes",
    "https://www.youtube.com/watch?v=MyxBy83Z7VU": "Five little Babies Swimming Song | Monsters Song, Baby Shark | Nursery Rhymes | Kids Songs | BabyBus",
    "https://www.youtube.com/watch?v=-v8q02fnDiA": "Doctor, Please Come to Checkup for Wolfoo - Baby Got Sick - Kids Stories About Baby | Wolfoo Channel",
    "https://www.youtube.com/watch?v=CrLWC-XGOPE": "MY BABY MONKEY IS LOSING HIS TEETH! WHAT NOW?!",
    "https://www.youtube.com/watch?v=jVw9T7Iz0GI": "5 Little Ducks On A Bus! | 2 Hours Baby Song Mix - Little Baby Bum Nursery Rhymes",
    "https://www.youtube.com/watch?v=GeRoLd26x_Y": "Funny Baby Meet Animals For The First Time || Cool Peachy",
    "https://www.youtube.com/watch?v=ejEgXoelq3M": "Summary of the best videos about Baby monkey Bon Bon",
    "https://www.youtube.com/watch?v=a4Z78O03lzg": "Is it Baby Alexander or Baby Peppa Pig? | Peppa Pig Official Family Kids Cartoon",
    "https://www.youtube.com/watch?v=HbDcogYbuZo": "Summer Baby Beach Fails Funniest Home Videos | Bipple",
    "https://www.youtube.com/watch?v=WPpOCiiV1fk": "Bom Diggy baby dance | l Zack knight l Jasmin waliya l sonu ke Titus ki Sweety",
    "https://www.youtube.com/watch?v=lhRCcH2Qq_I": "Kacha badam song - boss baby ( best funny video)",
    "https://www.youtube.com/watch?v=EJavf1bKZx8": "Polina playing cooking with toy Kitchen. Funny breakfast with baby dolls",
    "https://www.youtube.com/watch?v=HCq1OcAEAm0": "Lil Nas X - Industry Baby (Lyrics) ft. Jack Harlow",
    "https://www.youtube.com/watch?v=ZL0sHkiIzDI": "Baby - Justin Bieber || sped up",
    "https://www.youtube.com/watch?v=oBlMz9dCSA0": "Monster School : Pregnant Mermaids Challenge with Cute Mommy Long Legs have Baby Minecraft Animation",
    "https://www.youtube.com/watch?v=29dtbui_1C8": "Baby Shark | @Cocomelon - Nursery Rhymes | Moonbug Kids - Nursery Rhymes for Babies",
    "https://www.youtube.com/watch?v=xN3RbbsPLU8": "BABY ALIVE GÊMEAS ELIZA E LUIZA SE ARRUMANDO PRA FESTA DO PIJAMA",
    "https://www.youtube.com/watch?v=soKODiatcBA": "Baby (Music Video)",
    "https://www.youtube.com/watch?v=WVQB4PwyVYU": "Baby Shark +More Baby Dances | Eli Kids Educational Songs & Nursery Rhymes",
    "https://www.youtube.com/watch?v=KMGUBnUaY5g": "Try Not To Laugh : Funniest Baby Playing With Water | Funny videos",
    "https://www.youtube.com/watch?v=rHjhg_w09_c": "Old MacDonald Song - Baby Animals + More Nursery Rhymes & Kids Songs - CoComelon",
    "https://www.youtube.com/watch?v=1fsojCb-i4M": "BABY LONG LEGS DEATH!? - Poppy Playtime Sad Animation",
    "https://www.youtube.com/watch?v=LPhSb9x8K1I": "Justin Bieber - Baby (acoustic) - Live @ Fox FM's Hit the Roof.",
    "https://www.youtube.com/watch?v=SL9LtrZv_24": "Angel Baby - Troye Sivan (Lyrics) | Stephen Sanchez, Calum Scott,...",
    "https://www.youtube.com/watch?v=zTjC9GOh0bI": "How does baby feel when dad snores loudly",
    "https://www.youtube.com/watch?v=JUw7dWsAFQQ": "Justin Bieber - Baby || Lyrics feat. Ludacris",
    "https://www.youtube.com/watch?v=FDmOxaWHrPE": "A FAIRY BABY and A SICK PLAYBORN",
    "https://www.youtube.com/watch?v=06XTfIiyVuo": "2022 Baby Products I REGRET buying & what I'm getting instead (2nd baby!)",
    "https://www.youtube.com/watch?v=HLLS2q2_6bM": "Baby Shark Doo Doo | Swimming Pool Games | Little Angel Kids Songs",
    "https://www.youtube.com/watch?v=y432Mmjrnvw": "Baby Shark vs Pinkfong Slime Mixing Makeup,Parts, Glitter Into Slime! Satisfying Slime Video ASMR",
    "https://www.youtube.com/shorts/pcdjyWHnSB8": "Baby shark #shorts #babyshark",
    "https://www.youtube.com/watch?v=BmpFI5yxKpQ": "Funny Baby Reaction to Duckling in the Pool",
    "https://www.youtube.com/watch?v=b0dhDLxpHBM": "Baby Etchecopar Baby En El Medio Programa 15/08/2022",
    "https://www.youtube.com/watch?v=68XoCbn53J8": "Roma and Diana learn colors with baby Oliver / Funny videos for kids",
    "https://www.youtube.com/watch?v=tyYwOEKKcZc": "Troye Sivan - Angel Baby (Visualiser)",
    "https://www.youtube.com/watch?v=iqRp1wkH6bk": "Troye Sivan - Angel Baby (Lyrics)",
    "https://www.youtube.com/watch?v=A0ntKuYGRis": "Five Little Babies | Junior Squad Videos  | Kindergarten Nursery Rhymes For Babies by Kids Tv",
    "https://www.youtube.com/watch?v=XGgzToti9_8": "BABY Title Song | Full Video Song  | Baby | Odia Movie | Anubhav Mohanty | Preeti | Poulomi | Jhilik",
    "https://www.youtube.com/watch?v=OuN9IhlCjbo": "Time For a Shot and MORE Songs For Kids | Baby Joy Joy",
    "https://www.youtube.com/watch?v=JM-_PsrjQrg": "Justin Bieber - Baby / Love me - Dome 53 LIVE",
    "https://www.youtube.com/watch?v=NyWNCc49Xs8": "Troye Sivan - Angel Baby (Lyrics)",
    "https://www.youtube.com/watch?v=X8nizMbi2ko": "Animals Home monkey baby BIBON Ice cream",
    "https://www.youtube.com/watch?v=4mH1gOGZk2E": "Diana Pretends to be a Nanny for Baby Oliver",
    "https://www.youtube.com/watch?v=i8ePnKq3XDQ": "Funniest Baby Vines",
    "https://www.youtube.com/watch?v=nhYhojLtJGU": "Baby Monkey Kiki Solves The Mystery Challenge of Keys | KUDO ANIMAL KIKI",
    "https://www.youtube.com/watch?v=N6fxAEpUWBM": "Diana wants to be a good sister for baby Oliver",
    "https://www.youtube.com/watch?v=a5C8G62jUHY": "No More Snacks Baby John! + More Little Angel Kids Songs & Nursery Rhymes",
    "https://www.youtube.com/watch?v=Tl2OzYdarls": "Baby Shark Finger Family & More Nursery Rhymes | 30 mins collection",
    "https://www.youtube.com/watch?v=uetkJWDiLhU": "🙉Monkey baby Bi Bon examined the cat MiMi and ate fruit jelly | Animals Home | Funny video",
    "https://www.youtube.com/watch?v=j8z7UjET1Is": "Baby Shark | Kids Songs and Nursery Rhymes | Animal Songs from Bounce Patrol",
    "https://www.youtube.com/watch?v=RPz2JW5OQk4": "Baby doli food cart and cooking toys play",
    "https://www.youtube.com/watch?v=1L6xMZaXJOk": "NEWBORN NIGHT ROUTINE | realistic night with my newborn baby 👶🏼",
    "https://www.youtube.com/watch?v=6ZMi809iEQQ": "Vlad and Niki Pretend Play with Baby Chris | Funny stories for kids",
    "https://www.youtube.com/watch?v=fqz1Gj3ZhPM": "Baby tere nain sharabi full video | baby tere naina sharabi full dance | iska dilbar didi na viral",
    "https://www.youtube.com/watch?v=BYkA4gt0wUc": "Clean Bandit – Baby (feat. Marina) [Acoustic Version]",
    "https://www.youtube.com/watch?v=Wbk4gZz2weQ": "Baby Shark Submarine + More Nursery Rhymes & Kids Songs - CoComelon",
    "https://www.youtube.com/watch?v=hlGoLZOHirc": "Nastya takes care of the baby who got lost in the toy store",
    "https://www.youtube.com/watch?v=etp4DLe71FY": "Shoebox Baby - No Cap (Official Video)",
    "https://www.youtube.com/watch?v=bNAjj22fq9w": "Baby monkey Bim Bim going koi fishing is very funny and cute | Baby Monkey Animal",
    "https://www.youtube.com/watch?v=RfY_BiFIQLU": "Doll hair Washing Baby Alive Sudsy Styling doll hair with bubbles",
    "https://www.youtube.com/watch?v=KyYdKIuM2sQ": "Funny Babies Playing With Water - Baby Outdoor Videos",
    "https://www.youtube.com/watch?v=1a5SWpp9Wfg": "Justin Bieber ft. Ludacris - Baby (Karaoke Version)",
    "https://www.youtube.com/watch?v=NfG3ZbevYUQ": "Baby Miss T and Nick, Doll Squid Game VS Giant Zombie | Scary Teacher 3D in real life Happy Ending",
    "https://www.youtube.com/watch?v=SJnP2WcN0Zw": "Funny Babies Playing With Water || Baby Outdoor Videos",
    "https://www.youtube.com/watch?v=T-nqNfZlM7U": "Diana pretend play with Baby Dolls and girl toys",
    "https://www.youtube.com/watch?v=nA2P_55WVFI": "Baby ki Choti Washing Machine",
    "https://www.youtube.com/watch?v=LegqpWqn4OU": "Naming and Cradle Ceremony || Revealing Face and Name of Our Baby || Manu and Cherry || Tamada Media",
    "https://www.youtube.com/watch?v=abtV_Ju0VXI": "Boram take care of baby and play with color stacking rings",
    "https://www.youtube.com/watch?v=gf4Mp4xpfng": "this is road life, baby. (story 46)",
    "https://www.youtube.com/watch?v=Fm16IIY0GII": "Baby Shark Dance Song! | @Cocomelon - Nursery Rhymes & Kids Songs | Learning Videos For Toddlers",
    "https://www.youtube.com/watch?v=CL8DXoQVLzY": "Rain Rain Go Away Song with Linda and Little Baby Dolls",
    "https://www.youtube.com/watch?v=zZ8fqUIVWPo": "Munna Ro Raha Tha - Crying Baby Song | Hindi Rhymes for Children | Infobells",
    "https://www.youtube.com/watch?v=4jf6lNkoLTo": "Baby Panda Plays with Fishes |  Go Shopping in Supermarket | Animation & Kids Songs | BabyBus",
    "https://www.youtube.com/watch?v=Bf9M5JOfTRI": "Baby Shark (Trap Remix) / The Boss Baby",
    "https://www.youtube.com/watch?v=x6Q7c9RyMzk": "Maari 2 - Rowdy Baby (Video Song) | Dhanush, Sai Pallavi | Yuvan Shankar Raja | Balaji Mohan",
    "https://www.youtube.com/watch?v=SNox1U3D_Fk": "Baby Shark Song - Hide and Seek | CoComelon & Kids Songs | @Cocomelon - Nursery Rhymes",
    "https://www.youtube.com/watch?v=hyP5yNrauug": "Justin Bieber - Baby (Acoustic Cover by Jonah Baker)",
    "https://www.youtube.com/watch?v=W-vBu2rf8TI": "2 Hours Super Relaxing Baby Music ♥♥♥ Bedtime Lullaby For Sweet Dreams ♫♫♫ Sleep Music",
    "https://www.youtube.com/watch?v=4vHOG5LgiWI": "Baby Spills Paint EVERYWHERE! Fails of the Week | FailArmy",
    "https://www.youtube.com/watch?v=bI5m2JviCVI": "Baby k Sath Pehla Din !",
    "https://www.youtube.com/shorts/AU1fRnA_ehE": "Baby Long Legs VS Twin Sister Quiz Animation #shorts  #animation",
    "https://www.youtube.com/watch?v=4bMOTTJqGgM": "Baby Shark Doo Doo Doo 60 Min | +Compilation | Baby Shark Remix | Baby Shark Official",
    "https://www.youtube.com/watch?v=9H9J70EOZfo": "Hindi Rhymes for Children & Baby Songs Collection | Infobells",
    "https://www.youtube.com/watch?v=11tlNwOjmis": "Baby Shark Submarine | CoComelon Nursery Rhymes & Kids Songs",
    "https://www.youtube.com/watch?v=CeEQ4B7hTTc": "Diana and her super fun day with Baby Doll",
    "https://www.youtube.com/watch?v=jrPWibiN1MA": "Baby Shark Compilation - 3 Baby Shark Songs! Nursery Rhymes for Kids",
    "https://www.youtube.com/watch?v=Mj0hSbZVS9w": "Colorful Doors | Color song | Peek A Boo | Baby Song | more Nursery rhymes | Baby yoyo",
    "https://www.youtube.com/watch?v=0aMFEmPO8G0": "Cutest Baby Crying Moments Compilation || Cool Peachy",
    "https://www.youtube.com/watch?v=iAA7JsaGiPQ": "Baby John Learns Trick or Treat | Little Angel Halloween Song | Nursery Rhymes & Kids Songs",
    "https://www.youtube.com/watch?v=z4H8svetArk": "Farmer Bim Bim baby monkey harvests RAINBOW Colored Apples | Baby Monkey Animal",
    "https://www.youtube.com/watch?v=tnj17sXKW5s": "Baby Shark Dance and more | Best Summer Songs | +Compilation | Pinkfong Songs for Children",
    "https://www.youtube.com/watch?v=9sTFAeRaYYQ": "Baby Dance - Scooby Do Pa Pa (Music Video HD)",
    "https://www.youtube.com/watch?v=UiFjZcOrMO0": "Kaboochi | Dance Song For Kids | Baby Songs For Children | Dance Challenge | kids tv",
    "https://www.youtube.com/watch?v=sY3peHvDN8I": "Hiroko →「 Baby 」",
    "https://www.youtube.com/watch?v=xKzPI2rjbSk": "ANGEL BABY - Troye Sivan (CoversPH KARAOKE VERSION)",
    "https://www.youtube.com/watch?v=RfbnnZMzjFI": "Funniest Baby Videos of the Week - Try Not To Laugh",
    "https://www.youtube.com/watch?v=uvzpr-ApkQk": "Baby Alive Princess Ellie Packing for vacation doll Travel Routine",
    "https://www.youtube.com/watch?v=g5fWNqWzBn0": "Why We Stopped Our Baby Process..",
    "https://www.youtube.com/watch?v=x5Udg77RMeY": "Baby Shark Dance and more | +Compilation | Baby Shark Swims to the TOP | Pinkfong Songs for Children",
    "https://www.youtube.com/watch?v=dZzFwhS0FVk": "Justin Bieber - Baby (sped up)",
    "https://www.youtube.com/watch?v=7zJbVgsZjZ8": "BOSS BABY - Jason Derulo Savage Love (Baby Boss Born episode)",
    "https://www.youtube.com/watch?v=0GbwYFqN1iE": "Quality Control, Lil Baby, & DaBaby - \"Baby\" (Official Music Video)",
    "https://www.youtube.com/watch?v=N_kzi7KNtIM": "FRANKLIN - #BABY (Official Music Video)",
    "https://www.youtube.com/watch?v=KbaiHpW6M68": "BiBi helps dad take care of baby monkey OBi",
    "https://www.youtube.com/watch?v=VTIQUsw_22U": "10 Little Ducks +More Nursery Rhymes and Kids Songs | Little Baby Bum",
    "https://www.youtube.com/watch?v=gTiDt_Wiizw": "ABC Vehicles Sounds | 2 Hours Baby Song Mix - Little Baby Bum Nursery Rhymes",
    "https://www.youtube.com/watch?v=RV9CrP1Tkvk": "Diana and Roma came up with How to Entertain baby Oliver | Fun Toddler Activities",
    "https://www.youtube.com/watch?v=nZhoYB9Vmp0": "Learn numbers 1-10 with Vlad & Niki and baby Chris",
    "https://www.youtube.com/watch?v=mVvd6AGEPok": "Diana and Roma play with Baby Oliver | Best videos with little brother",
    "https://www.youtube.com/watch?v=vXvVaPnrPkw": "Baby Shark + More Nursery Rhymes & Kids Songs | Nursery Rhymes Compilation",
    "https://www.youtube.com/watch?v=VBBFe_ZZyFg": "Nastya Pretends to be a Nanny for Baby",
    "https://www.youtube.com/watch?v=M081F80z8sg": "The Magic Crayon | We Baby Bears | Cartoon Network",
    "https://www.youtube.com/watch?v=lFkn_I3HT9M": "बेबी को लगी चोट (Baby Gets a Boo Boo Song) Collection - Hindi Rhymes For Children - ChuChuTV",
    "https://www.youtube.com/watch?v=5Hqn_ocXi4Y": "BERGELEK SAKAN DEPAN TETAMU, RAMAI YANG TERDUDUK MALU DENGAN PERSEMBAHAN BABY SHIMA",
    "https://www.youtube.com/watch?v=y5q8XDjtbAY": "Mike Sherm - Baby",
    "https://www.youtube.com/watch?v=HU8R-JAX4v8": "Evolution Of GODZILLA Vs Evolution Of SHARKZILLA VENOM: Rescue Baby Shark | Godzilla Cartoon",
    "https://www.youtube.com/watch?v=I5-dBTg9NCg": "Babies Gotta Potty | The Potty Training Song | Baby Joy Joy",
    "https://www.youtube.com/watch?v=HRhgMHxXmnw": "Our New Life With A Newborn",
    "https://www.youtube.com/watch?v=vd2wKh_jxxw": "Monkey Banana-Baby Monkey | Baby Shark Songs | Tigi Boo Kids Songs",
    "https://www.youtube.com/watch?v=h68qP3h5ANY": "Oh No! Baby Jenny Turns into Giga, Chocolate, Gold, and Silver Baby? | Wolfoo Official Channel",
    "https://www.youtube.com/watch?v=-ObAyi97bHY": "Baby is Sick Song + More Nursery Rhymes by ChuChu TV",
    "https://www.youtube.com/watch?v=a84OoeIN_Yo": "Maggie and baby brother in the POOL new best stories for kids",
    "https://www.youtube.com/watch?v=ZUJ61Czi3dE": "Expecting a Baby Huggy Wuggy! *DIY Nursery & Room Makeover for Parents*",
    "https://www.youtube.com/watch?v=s124I75lhLs": "Mad Clip - Baby - Official Music Video",
    "https://www.youtube.com/watch?v=Weqr8m19t94": "Baby Wolfoo Pretend Play Different Jobs and Professions | Wolfoo Official Channel",
    "https://www.youtube.com/watch?v=4GcLWywzQXY": "Yes Yes Go to School Song - ChuChu TV Baby Nursery Rhymes & Kids Songs",
    "https://www.youtube.com/watch?v=58eA79N0foY": "Ice Cream Song for Children | Learn with Little Baby Bum | Nursery Rhymes for Babies | ABCs and 123s",
    "https://www.youtube.com/watch?v=oUcOwKqrb9s": "Halloween Zombie Sharks and more | +Compilation | Halloween Baby Shark | Pinkfong Songs for Children",
    "https://www.youtube.com/watch?v=A6_Iq-JmkI0": "حميدو - طيور بيبي | Toyor Baby",
    "https://www.youtube.com/watch?v=q7Fm_VViti4": "DJ ROOTS - BABY (Feat. CAMO, 정진형) Lyrics/Translation [HAN/ROM/ENG]",
    "https://www.youtube.com/watch?v=OlgXfznx4Ws": "Diana pretend play with Baby dolls",
    "https://www.youtube.com/watch?v=cAyZrRZ-klc": "justin bieber - baby (sped up)",
    "https://www.youtube.com/watch?v=0qdDv5rbH5I": "Police Officer and Missing Baby | Kids Cartoon | Sheriff Labrador | BabyBus",
    "https://www.youtube.com/watch?v=4npRPcO2SWs": "Mix - Baby Shark Robot and more | Baby Shark Remix | +Compilation | Pinkfong Songs for Children",
    "https://www.youtube.com/watch?v=dLfOwyYB3EE": "👶🦈 Baby Shark doo doo doo | 1 hour with Bebefinn! | +Compilation | Nursery Rhymes & Kids Songs",
    "https://www.youtube.com/watch?v=c1Fythit22Y": "OUR BABY KIRAH HAD THE SADDEST DAY EVER 💔",
    "https://www.youtube.com/watch?v=LUEdSzF6lOM": "Baby Dogs 🔴 Cute and Funny Dog Videos Compilation #30 | 30 Minutes of Funny Puppy Videos 2022",
    "https://www.youtube.com/watch?v=E8PAg92kCug": "I GAVE BIRTH TO THIS!! BABY IN YELLOW TURNED GREEN?!",
    "https://www.youtube.com/watch?v=tFoUuFq3vHw": "Five Little Ducks | Learn with Little Baby Bum | Nursery Rhymes for Babies | ABCs and 123s",
    "https://www.youtube.com/watch?v=UgjtxhV08Ao": "Doctor - So Baby Video | Sivakarthikeyan | Anirudh Ravichander | Nelson",
    "https://www.youtube.com/watch?v=mv8ueHLpLh8": "Ghar mein Baby ki Tyariyan Shuru  !",
    "https://www.youtube.com/watch?v=P0zCIaQS9s0": "AWW SO CUTE! Cutest baby animals Videos Compilation Cute moment of the Animals - Cutest Animals #18",
    "https://www.youtube.com/watch?v=3eJQGghUwH4": "baby ; sped up justin bieber ft ludacris",
    "https://www.youtube.com/watch?v=XX7-Fq1EIiY": "ZUNA X LUNE - BABY 2.0 (prod. by Jumpa)",
    "https://www.youtube.com/watch?v=DRYR3rvSTCA": "Top Cutest Chubby Baby on the Planet -  Funny Baby Videos || Kudo Baby",
    "https://www.youtube.com/watch?v=wc9UwqOrhz0": "Baby Gang – Lei (feat. Bené) [Official Video]",
    "https://www.youtube.com/watch?v=ezlnBAycufg": "Aitch & Ashanti - Baby (Lyrics)",
    "https://www.youtube.com/shorts/9rP45NsVM3k": "Baby Shower! #shorts #rubykakitchen",
    "https://www.youtube.com/watch?v=seJjrNdZdbE": "New Baby Born lil girl Feeding, changing and bath baby doll compilation",
    "https://www.youtube.com/watch?v=4k-cTG43UC8": "Baby Dance - Scooby Doo Pa Pa (Music Video 4k HD)",
    "https://www.youtube.com/watch?v=gco-PwyxjEY": "Baby doll cooker and kitchen fruit cooking food toys play house story - ToyMong TV 토이몽",
    "https://www.youtube.com/watch?v=mn4rkKbFK6I": "2 hours Baby Shark Dance Loop | Baby Shark Non-Stop | Baby Shark Dance Non Stop | +Compilation",
    "https://www.youtube.com/watch?v=sOBNiVKWsn8": "Baby Jake | Super Spring Special! 🌻 | Full Episodes | Episodes",
    "https://www.youtube.com/watch?v=6itK2OpgfAc": "Baby duck cartoon vs dogs vs cats vs elephants and cows",
    "https://www.youtube.com/watch?v=GeIz7ej27tc": "OH NO😱😱😱!!! Babies are doing interesting things 💨💨💨💩💩💩-  Funny Baby Farts - Kudo Babies And Pets",
    "https://www.youtube.com/watch?v=M7aRpgD2fR4": "INDUSTRY BABY (ft. Squid Game) Performance MV | ANSONBEAN",
    "https://www.youtube.com/watch?v=9ktl1b_fvls": "मैं प्यार, प्यार, करती हूँ बेबी (I love you baby) Collection - Hindi Rhymes For Children - ChuChuTV",
    "https://www.youtube.com/watch?v=PHP8y3dJTeM": "Stranger Danger and MORE Safety Songs for Kids | Baby Joy Joy",
    "https://www.youtube.com/watch?v=EerNs9u6LsQ": "Emma Pretend Play w/ Little Cry Baby Doll Nursery Play House Playset",
    "https://www.youtube.com/watch?v=kuiTZbsIj_k": "First Day of School 📚 Don't Be Afraid, Avocado Baby 🥑 || Funny Stories for Kids by Pit & Penny 🥑",
    "https://www.youtube.com/watch?v=Sje6rnScu7o": "Baby Shark Doo Doo Doo and more | Bebefinn Best Nursery Rhyme Compilation for Kids",
    "https://www.youtube.com/watch?v=ObFRwvCqDVw": "New Sibling Song 🥰 | Funny Kids Songs 😻🐨🐰🦁 And Nursery Rhymes by Baby Zoo",
    "https://www.youtube.com/watch?v=XARIgu6WYIE": "G-BEAR - Baby (prod.tkyoung)",
    "https://www.youtube.com/watch?v=qrd4NhKrM-0": "Where Baby Where (Full Video) Gippy Grewal ft. Amanda Cerny | Jaani | Sukhe | Bal Deo | Humble Music",
    "https://www.youtube.com/watch?v=VP7u7NcCAcY": "The Painting Car Color | Cartoons for Kids | Construction Vehicles | Nursery rhymes | Baby yoyo",
    "https://www.youtube.com/watch?v=fAuz7c0U0W8": "Baby - Officialalex425",
    "https://www.youtube.com/watch?v=q6qmIBdxOEI": "Baby Shark and more | Best Songs of 2018 | +Compilation | Pinkfong Songs for Children",
    "https://www.youtube.com/watch?v=SeeKlms3ik8": "Learn Colors with Baby Shark and more! | Baby Car Color Slide for Kids | Pinkfong Colors for kids",
    "https://www.youtube.com/watch?v=8vXuLhjPAdQ": "Bhairavi – ಭೈರವಿ | Kannada Full Movie | FEAT. Baby Shyamili, Sridhar, Roopini",
    "https://www.youtube.com/watch?v=XqZsoesa55w": "Baby Shark Dance | #babyshark Most Viewed Video | Animal Songs | PINKFONG Songs for Children",
    "https://www.youtube.com/watch?v=5A2U9otZh1c": "Baby Girl Born Pregnant with Twins and doctors were left speechless!",
    "https://www.youtube.com/watch?v=FqiK6Oy6Nc4": "GONNAFLY - Baby Please ft. G-BEAR & CHUN WEN LU (Official Audio)",
    "https://www.youtube.com/watch?v=h5AKZrG1khI": "#TightRoad Baby - Plugged In W/ Fumez The Engineer | Pressplay",
    "https://www.youtube.com/watch?v=r-DUlGICXMQ": "Diana teaches baby Oliver | Developmental Games for a 1+ Year Old",
    "https://www.youtube.com/watch?v=IwakuAYFYyg": "ice on my Baby (speedup + reverb) - Tiktok ver.",
    "https://www.youtube.com/watch?v=UDPPt6QEAAc": "BOSS BABY - DANCE MONKEY (Funny Best Music Video)",
    "https://www.youtube.com/watch?v=Fx-BoVdbyi4": "Baby Shark Medley | +Compilation | Baby Shark | Pinking Songs for Children",
    "https://www.youtube.com/watch?v=oWJswJ3M24Y": "Baby Chicken and Duckling, Frog, Snake, Crayfish, Koi Fish, Scalar - cute baby animals videos",
    "https://www.youtube.com/watch?v=VvS1ZelaOPw": "@Baby Jake  | Big Red Apple | @Wizz",
    "https://www.youtube.com/watch?v=1RpKdCl2uN4": "Sfera Ebbasta & J Balvin - Baby (Official Video)",
    "https://www.youtube.com/watch?v=EmdFiAc-Qqc": "Baby Alive em Português Brasil 🦠 Não Teo! Colhendo O Seu Nariz 🖐 Vídeos Infantis 💕",
    "https://www.youtube.com/watch?v=0znV0_SZk9w": "Baby - Eslabon Armado",
    "https://www.youtube.com/watch?v=oMFxbsFC0Wo": "Baby amira  playing with colored balloons - Adel et sami",
    "https://www.youtube.com/watch?v=f3TJpECue64": "Find Out The Name Of The Cincinnati Zoo’s New Baby Hippo!",
    "https://www.youtube.com/watch?v=NjIEhuRG0Ks": "Baby is Sick Song | ChuChu TV Nursery Rhymes & Baby Songs",
    "https://www.youtube.com/watch?v=v1q1h13RR50": "I Survived 100 Days With A Baby in Minecraft",
    "https://www.youtube.com/watch?v=Z_MvkyuOJgk": "Ed Sheeran - 2step (feat. Lil Baby) - [Official Video]",
    "https://www.youtube.com/watch?v=idzCiK5WgmY": "Justin Bieber - Baby ( Made In America )",
    "https://www.youtube.com/watch?v=wI2q2dJENUk": "Monkey Baby Bim Bim Drives To The Pool And Opens Surprise Eggs With Puppy in the garden",
    "https://www.youtube.com/watch?v=rlYHL_VpTBc": "Baby Shark Dance and more | Summer Songs Special | +Compilation | Pinkfong Songs for Children",
    "https://www.youtube.com/watch?v=9ysVpGtSkgk": "Nicki Nicole - Baby (Official Video)",
    "https://www.youtube.com/watch?v=_SPNSaPjtL4": "Where Is Baby + More Nursery Rhymes & Kids Songs",
    "https://www.youtube.com/watch?v=12oEj2c5z9Y": "Baby Shark - Nursery Rhymes & Baby Songs",
    "https://www.youtube.com/watch?v=R_KqTFY3NwE": "Hush Little Baby  - Hello Tiny Lullaby - Baby Songs",
    "https://www.youtube.com/watch?v=hTqtGJwsJVE": "Baby Learning With Ms Rachel - First Words, Songs and Nursery Rhymes for Babies - Toddler Videos",
    "https://www.youtube.com/watch?v=l3lwl6evVqU": "Mom installed a camera after baby got scratched. When she saw what the cat did, she burst into tears",
    "https://www.youtube.com/watch?v=swzIXqv-aJ0": "10 DIY Baby Doll Hacks and Crafts / Miniature Baby and More!",
    "https://www.youtube.com/watch?v=9u9T1afphjo": "LIL ZAY OSAMA PRESENTS: TRENCH BABY THE SERIES (Episode 3)",
    "https://www.youtube.com/watch?v=Gfy1DiWSIcY": "Baby Got Sick - Sick Song - Kids Songs & Nursery Rhymes",
    "https://www.youtube.com/watch?v=DYDYSKaIxDU": "GENDER REVEAL + BABY SHOWER VLOG",
    "https://www.youtube.com/watch?v=qlemDFlVqHk": "Rich Unpopular Baby vs Poor Popular Baby - Wolfoo Kids Stories About Baby | Wolfoo Official Channel",
    "https://www.youtube.com/watch?v=ouAFh-lr3v0": "Justin Bieber Performs ‘U Smile’ / ‘Baby’ / ‘Somebody to Love’ (2010) | VMAs",
    "https://www.youtube.com/watch?v=nCzSJZdKKVc": "Cute Babies Outdoor Moments 🌼🌼🌼 Funny Baby Videos || Cool Peachy",
    "https://www.youtube.com/watch?v=6qSgNoGRs-0": "Are you sleeping Baby John Nursery Rhyme Song - Kids Video",
    "https://www.youtube.com/watch?v=ez2PvU6T5pw": "Ferran - Baby Girl (Official Music Video) | The Royalty Family",
    "https://www.youtube.com/watch?v=uKndIpQd-9g": "Baby Annabell Doll Morning and Evening Routines Full Episodes: Winter Clothes for Baby Doll",
    "https://www.youtube.com/watch?v=WYjhl2EphWs": "DJ Khaled - STAYING ALIVE (Lyrics) ft. Drake & Lil Baby",
    "https://www.youtube.com/watch?v=X2Zmf3c0ccA": "보람이의 아기동생 돌보기 놀이 Boram Taking Care of Baby",
    "https://www.youtube.com/watch?v=qgv0ov7iUrc": "Piya Rangrezz Sher Shock To See Baby Video Scene",
    "https://www.youtube.com/watch?v=f-Wypwi9UBc": "Baby Shark Dance! Different Versions | Sing and Dance | Animals Songs For Children",
    "https://www.youtube.com/watch?v=pEAeXywL0sQ": "Mongooses Tear Baby Hare Apart",
    "https://www.youtube.com/watch?v=T0seYxfaoG0": "DaBaby - Goin Baby [Official Music Video]",
    "https://www.youtube.com/watch?v=-p6JIwO3Hgg": "Meet Molly's Baby Sister! 🍼 | Bubble Guppies",
    "https://www.youtube.com/watch?v=sDMPsZSUlfs": "Funniest Moment When Baby Plays With Water || 5-Minute Fails",
    "https://www.youtube.com/watch?v=9x2VgnTaE44": "Monkey Chloe The happiest baby monkey on the planet",
    "https://www.youtube.com/watch?v=zMvWVD7Bd8g": "Muza - Noya Daman  | Sylheti Wedding Song | aila re noya daman funny baby dance videos 😂 Akbar Saheb",
    "https://www.youtube.com/watch?v=jOGuabdHYaE": "Baby Shark Dance 2 | Sing and Dance! | Animal Songs |  동요와 아이 노래 | 어린이 교육",
    "https://www.youtube.com/watch?v=v4q-GB-v92g": "LIL ZAY OSAMA PRESENTS: TRENCH BABY THE SERIES (Episode 2)",
    "https://www.youtube.com/watch?v=LrAtBtQnvCE": "Five Little Ducks + More | Kids Songs and Nursery Rhymes | Super Simple Songs",
    "https://www.youtube.com/watch?v=ubmiT8JKeRU": "Monkey Banana Dance | Baby Monkey | Dance Along | Pinkfong Songs for Children",
    "https://www.youtube.com/watch?v=Nl9X1I_4XII": "Hush Little Baby Max | 2 Hours Baby Song Mix - Little Baby Bum Nursery Rhymes",
    "https://www.youtube.com/watch?v=nmwIPIjgr9I": "When You Have A Cute Naughty Kid #96 - Funny Baby Video😘😘",
    "https://www.youtube.com/watch?v=xjQKkknbz-Y": "Nicky Jam, Farruko, Amenazzy - Baby (Video Oficial)",
    "https://www.youtube.com/watch?v=h59KzFVSwb0": "My Baby - XOXO (SLOW)",
    "https://www.youtube.com/watch?v=zsRwsGzMWdc": "The Baby of Macon - Full Movie",
    "https://www.youtube.com/watch?v=I6wzhp4g2Cw": "Joeboy - Baby (Visualizer)",
    "https://www.youtube.com/watch?v=ZFJQpPjMO9M": "BOSS BABY - DANCE MONKEY (Funny Best Music Video)",
    "https://www.youtube.com/watch?v=KNONpqwOvyw": "Skilla Baby - Randall Upshaw (Official Video) DIR @ARTBYARTAXA",
    "https://www.youtube.com/watch?v=pzTZ8EUME4I": "Baby Goes Cha Cha Cha | The Cha Cha Song | Baby Joy Joy",
    "https://www.youtube.com/watch?v=dqORqtZPTG4": "Try Not To Laugh : Cute Baby Playing Water #2 | Baby Videos",
    "https://www.youtube.com/watch?v=Cn3zeRl_f6c": "Quality Control, Lil Baby, DaBaby - Baby (Audio)",
    "https://www.youtube.com/watch?v=2BhNhb-MDxg": "INNER KIDS BABY SHARK -TRAP REMIX.",
    "https://www.youtube.com/watch?v=QBmnb-E7pTA": "Baby Shark More and More! | Best Baby Shark Songs ONLY | Pinkfong Songs for Kids",
    "https://www.youtube.com/watch?v=UeIK3brZM20": "BEST Baby Shark Sing Along Songs | +Compilation | Nursery Rhymes for Kids | Baby Shark Official",
    "https://www.youtube.com/watch?v=f7e6rPazcKw": "Baby Sharks Song and Dance",
    "https://www.youtube.com/watch?v=JeOxwYbvGnQ": "Ice Ice Baby (Remix) Dance",
    "https://www.youtube.com/watch?v=DLwMtv0eS40": "Rondo X BABY (Official Visual Art Video)",
    "https://www.youtube.com/watch?v=03VAIrkmrD0": "Rock-a-bye Baby | CoComelon Nursery Rhymes & Kids Songs",
    "https://www.youtube.com/watch?v=MjlPnOTNJDc": "Baby Shark Bus Goes Round and Round! | +Compilation | ALL Baby Shark Stories | Baby Shark Official",
    "https://www.youtube.com/watch?v=1RqT_nP1TVc": "Baby Gang - Baby (Official Video)",
    "https://www.youtube.com/watch?v=Qd5_y_NUrtw": "Aitch - Baby (Lyrics) ft. Ashanti",
    "https://www.youtube.com/watch?v=zPhO-DwR06Q": "Peek A Boo Song - Baby Song & Nursery Rhyme",
    "https://www.youtube.com/watch?v=4F_vcZ6KD9Q": "Lil Baby - In A Minute (Official Video)",
    "https://www.youtube.com/watch?v=4BTnfXEu2rY": "Anak Bayi - Baby Dance Goyang Pokemon Pikachu Lucu",
    "https://www.youtube.com/watch?v=dTdUqNE35S4": "Aitch, Ashanti - Baby",
    "https://www.youtube.com/watch?v=_Sc6utdbAC8": "Ducks on the Bus! Quack quack! | Little Baby Bum - Nursery Rhymes for Kids | Baby Song 123",
    "https://www.youtube.com/watch?v=9JELbXIA2BQ": "Spooky Baby Shark Family 👻 | Go Away, Monster! and more | Halloween Songs | Pinkfong Songs for Kids",
    "https://www.youtube.com/watch?v=PM2f835zx88": "DJ Khaled ft. Drake & Lil Baby - STAYING ALIVE (Official Video)",
    "https://www.youtube.com/watch?v=BD4fvzDcORo": "Baby Gang – Mentalité [Official Video]",
    "https://www.youtube.com/watch?v=Jfw7ub0vjwI": "Ol' MacDonald - Baby Animals | CoComelon Furry Friends | Animals for Kids",
    "https://www.youtube.com/watch?v=R4uttLWqB2A": "INDUSTRY BABY BEHIND THE SCENES",
    "https://www.youtube.com/watch?v=DvwYA0Oyhvo": "Mix - Tiburón Bebé y muchas más |@Baby Shark en español | Pinkfong Canciones Infantiles",
    "https://www.youtube.com/watch?v=AdQCja4MBcY": "ألوان - طيور بيبي Toyor Baby",
    "https://www.youtube.com/watch?v=RcGxmb5lRBk": "Baby's First Steps Song + More ChuChu TV Baby Nursery Rhymes & Kids Songs",
    "https://www.youtube.com/watch?v=bEknR3zw7Io": "Acapella Sharks | Baby Shark Acapella version | Baby Shark Special | Pinkfong Songs for Children",
    "https://www.youtube.com/watch?v=kjXuG2vSFLo": "Ol' MacDonald - Baby Animal Version | CoComelon Furry Friends | Animals for Kids",
    "https://www.youtube.com/watch?v=mhrGj4ZAuyY": "Cá Mập Con 🦈  Baby Shark Dance | + Tuyển tập | Pinkfong! - Nhạc thiếu nhi",
    "https://www.youtube.com/watch?v=vStqR4GESQo": "BABY",
    "https://www.youtube.com/watch?v=toMyiXEspNc": "DJ Khaled ft. Drake & Lil Baby - STAYING ALIVE (Extended Version)",
    "https://www.youtube.com/watch?v=Brt0MyADrzQ": "Baby",
    "https://www.youtube.com/watch?v=YIfeJu4ITt4": "🎥 MILLION DOLLAR BABY (2004) | Full Movie Trailer in HD | 1080p",
    "https://www.youtube.com/watch?v=Bv6XT81RCMU": "Baby Shark Şarkısı, Çocuk Oyun🐬🐠🦈 | Eğlenceli Ve Öğretici Bebek Şarkıları | Little Angel Türkçe",
    "https://www.youtube.com/watch?v=r-3rGeM_e7Y": "Baby Gang – Freestyle One Shot Remix (prod. Bobo)",
    "https://www.youtube.com/watch?v=sOr2xlTy5T0": "BABY - Balbi El Chamako x Simon La Letra (Video Oficial)",
    "https://www.youtube.com/watch?v=Ea0L9kEjpuE": "Baby Gang - Cella 3 (Official Video)[Prod. Higashi]",
    "https://www.youtube.com/watch?v=c3bPPe5Xzp0": "Baby",
    "https://www.youtube.com/watch?v=ONyNnu-HUGY": "7 أولاد - طيور بيبي Toyor Baby",
    "https://www.youtube.com/watch?v=kZp5w4jXHN8": "Baby Don't Cry Song + More Nursery Rhymes | Tai Tai Kids Songs",
    "https://www.youtube.com/watch?v=1Q7QX0Rtpfg": "Ice Ice Baby (Radio Mix)",
    "https://www.youtube.com/watch?v=FrFsijURPDU": "Vanilla Ice - Ice Ice Baby (Lyrics) | BUGG Lyrics",
    "https://www.youtube.com/watch?v=KxT7l6ioH4c": "JOKER BRA & VIZE - BABY",
    "https://www.youtube.com/watch?v=aUXKdunt91o": "Krahs YbaB | Baby Shark April Fool's Day | Fun Song for Kids | Pinkfong Baby Shark Rhymes",
    "https://www.youtube.com/watch?v=ylcy4rF2bEg": "DJ Khaled ft. Drake & Lil Baby - STAYING ALIVE (Official Visualizer)",
    "https://www.youtube.com/watch?v=ZcRlMUEwVbU": "Franky Style - BABY  (Prod. Oculus)",
    "https://www.youtube.com/watch?v=MUt7D82PNhI": "Baby Shark Dance and more! | Baby Shark Songs for Kids | Compilation | Pinkfong Baby Shark",
    "https://www.youtube.com/watch?v=j07ZAslFR0Y": "Keren Banget!!! Baby Lawan Penipu, sampai Duel Lawan Playboy??? - Kumpulan Video TikTok @mybabyocha",
    "https://www.youtube.com/watch?v=J5Xiilzu2BE": "I Love You Baby Song - 3D Animation Nursery Rhymes & Songs For Babies - ChuChu TV For Kids",
    "https://www.youtube.com/watch?v=prN3bPmDqr4": "Ice Ice Baby Lyrics",
    "https://www.youtube.com/watch?v=v-wtP2mM4aM": "VANILLA ICE - Ice ice baby (Festival VIVO X EL ROCK 7)",
    "https://www.youtube.com/watch?v=tK_UxN1e5jU": "Where is Daddy Shark? | Compilation | Sing Along with Baby Shark | Pinkfong Baby Shark",
    "https://www.youtube.com/watch?v=1KbxOjnmvjI": "NBA YoungBoy - 4KT BABY",
    "https://www.youtube.com/watch?v=aBDtoXLMSxw": "Mix - Tiburón Bebé Más y Más @baby shark en español  | Pinkfong Canciones Infantiles",
    "https://www.youtube.com/watch?v=k7n4_nWJ8HY": "RYKEY \"BABY\"",
    "https://www.youtube.com/watch?v=09jefWHL76Y": "HD Kaun Haqdaar || कौन हक़दार || Uttar Kumar, Suchi Verma, Baby Manju Sharma || Hindi Full Movies",
    "https://www.youtube.com/watch?v=qF5Ws7T0gMM": "Bibi & Tina - Einfach Anders | Baby - Das offizielle Musikvideo",
    "https://www.youtube.com/watch?v=n8n4uIWw2lE": "TOD | तोड | Nepali Full Movie | Rekha Thapa | Biraj Bhatt | Uma Baby | Suman Singh",
    "https://www.youtube.com/watch?v=QvYSckKSL5g": "Tracy Chapman - Baby Can I Hold You (Live)",
    "https://www.youtube.com/watch?v=yY-77aBc6TY": "Darwin, baby! Darwin...  - The Office US",
    "https://www.youtube.com/watch?v=V5AztWseIdU": "Donna Summer Love To Love You Baby original long version (Disco 70s)",
    "https://www.youtube.com/watch?v=d8pqPa7D8Ps": "Baby Shark Dance With Kids Wearing Shark Costumes! | Animal Songs | PINKFONG Songs for Children",
    "https://www.youtube.com/watch?v=mL6QRK0LFQ8": "I Survived On $0.01 For 24 Hours with My Baby",
    "https://www.youtube.com/watch?v=Mmkxfco9GNk": "Baby Shark Dance and more | +Compilation | Best Kids Songs | Pinkfong Songs for Children",
    "https://www.youtube.com/watch?v=BNS2hNOSgzg": "Rainbow Satisfying Video DIY How to make Slime Candy Microwaves Baby Shark Family Cutting ASMR #272",
    "https://www.youtube.com/watch?v=Zl-kyuRzs8Q": "Tidak, Baby John Tidak Mau Lompat ke Kolam | Kartun Anak | Little Angel Bahasa Indonesia",
    "https://www.youtube.com/watch?v=72FIwBh32Fw": "Baby Shark Dance and more | World Oceans Day | +Compilation | Pinkfong Songs for Children",
    "https://www.youtube.com/watch?v=EKRUwVmkS8U": "Where's The Baby?",
    "https://www.youtube.com/watch?v=D5zlbiM5mhs": "Bankroll Freddie - Patience (Official Video) ft. Lil Baby",
    "https://www.youtube.com/watch?v=gWVgEwKDKEc": "Sada Baby - Skuba Steve Austin (Official Music Video)",
    "https://www.youtube.com/watch?v=2C8UYd-hsn8": "4tr & Enne - Baby (One Dance RMX) (Official video)",
    "https://www.youtube.com/watch?v=cm6jOcywPA0": "Dala x Booba - Baby (Clip officiel)",
    "https://www.youtube.com/watch?v=tvjgXarsCNo": "Baby Shark duu duu | Lagu Anak - Bayi Hiu | Little Angel Bahasa Indonesia",
    "https://www.youtube.com/watch?v=kXUW7IWH4d8": "Naza - Baby Lova (Clip Officiel)",
    "https://www.youtube.com/watch?v=XHStbIv4LaQ": "BABY SHARK DANCE | Песни для детей | Большой сборник мультфильмов",
    "https://www.youtube.com/watch?v=mlQxoy02QBI": "Jamby el Favo - Baby 💕(Video Oficial)",
    "https://www.youtube.com/watch?v=kPpibivZ06o": "Baby @TOT OFICIAL ft. @BARBEL, Pother, The Kid Maker",
    "https://www.youtube.com/watch?v=Qf0boT9i0NU": "Where’s Mommy & Daddy? I’m Lost! | Little Angel Kids Songs & Nursery Rhymes",
    "https://www.youtube.com/shorts/Nknyit1vTdM": "please like😍 ll#shorts #baby",
    "https://www.youtube.com/watch?v=r1SsR0sw3XE": "Sfera Ebbasta & J Balvin - Baby (Lyric Video)",
    "https://www.youtube.com/watch?v=_zwH08PxxJY": "Guf - Ice Baby",
    "https://www.youtube.com/shorts/38Ky3phdqnk": "very cute Babe❣❣#Babe#new#love",
    "https://www.youtube.com/watch?v=eXLSBdxm_cs": "Скриптонит, Райда - Baby mama [Official Audio]",
    "https://www.youtube.com/watch?v=IF132qQl86Q": "شفا و توأمتها خدع لأطفال !! Shfa ,Soso and Baby tricks",
    "https://www.youtube.com/watch?v=kLYcvnfivAk": "Tubarão Bebê (Baby Shark) - Músicas Infantis | O Reino Infantil",
    "https://www.youtube.com/shorts/NVMg3em_ARI": "Baby Vs Now 😅😁",
    "https://www.youtube.com/shorts/XmsLlMHyV0E": "Baby Mama Cool Best Super TikTok - Dance #Shorts by Anna Kova",
    "https://www.youtube.com/watch?v=MkYs8igU7Pg": "PREGNANCY TRANSFORMATION BABY #2 (Week By Week)",
    "https://www.youtube.com/shorts/xUduQc8Ixgo": "Cute Baby 😁😁🥰😍😍😘😘😘 #baby #babygirl #short #advika",
    "https://www.youtube.com/watch?v=EkHqBoBT9Yo": "Old MacDonald (Baby Animals Edition) | CoComelon Nursery Rhymes & Kids Songs",
    "https://www.youtube.com/shorts/ZowBNcoVaSs": "My baby 👧 #shorts",
    "https://www.youtube.com/watch?v=vt36CGLZVrQ": "Ten Little Buses! Counting Song | Little Baby Bum - Nursery Rhymes for Kids | Baby Song 123",
    "https://www.youtube.com/watch?v=Xa04YAHbKh0": "🦈 Bimbo Squalo Medley 🦈 | +Compilazione | Baby Shark in Italiano | Pinkfong Canzoni per Bambini",
    "https://www.youtube.com/shorts/2O4gdcvIWo8": "baby reaction #shortsfeed #baby #babyshorts",
    "https://www.youtube.com/shorts/0L5VYV8BT0g": "Baby video.",
    "https://www.youtube.com/watch?v=ajUujB1bljE": "Baby Got A Boo Boo 🩺 Doctor Charlie to the Rescue! 💫 Baby Alive LIVE 💕",
    "https://www.youtube.com/watch?v=bO9BTXb4SPA": "She wants that sweet • 22 months 14 days baby",
    "https://www.youtube.com/watch?v=JSbzuLjPiG0": "Cleaning Child Incision After Surgery | Prone Position | Anal Stenosis",
    "https://www.youtube.com/watch?v=5OFFeY0dsY0": "Cute baby playing on bed #shorts #cutebaby #youtubeshorts #ytshorts",
    "https://www.youtube.com/watch?v=FbiVX77saqM": "Jason Derulo - SAVAGE LOVE (Boss Baby Official Video)",
    "https://www.youtube.com/watch?v=EtNJlQ9IQUE": "Baby Dance - Scooby Doo Pa Pa (Music Video HD)",
    "https://www.youtube.com/shorts/8O8wp3XiglI": "Baby playing with her mummy! baby smile, baby playing, New born baby, one month old baby,#shorts",
    "https://www.youtube.com/shorts/5uWgWtFxbT0": "Little Babies funny playing time",
    "https://www.youtube.com/shorts/Wm3OMC0bR2g": "Cute and sweet twin babies learning to balance their body. 🥰",
    "https://www.youtube.com/watch?v=4w_marejzlQ": "Princess Ellie Dress Up 💫 Grow Up Doll 🌈 Baby Alive LIVE 🔴 Kids Videos 💕",
    "https://www.youtube.com/shorts/Ts0TgK2JTSE": "Baby playing #shorts #babyreaction #babyboy #trendingshorts"
}