{
    "https://www.youtube.com/watch?v=YOxW5yrU0ZY": "Beautiful Birthday Celebration & Cake Cutting Ceremony | 2nd Birthday",
    "https://www.youtube.com/watch?v=p3O8RX_Ws4c": "Happy Birthday Diana! Birthday Video Collection",
    "https://www.youtube.com/watch?v=GslJwOUuClM": "Aj Bisti Ho Gai 😭 | Sehar Hayat Birthday Party",
    "https://www.youtube.com/watch?v=UmCWOONJxNU": "Cake Fight On Malhan Sahab's Birthday (60th Birthday Celebration)",
    "https://www.youtube.com/watch?v=-XVAomBM8hE": "Coco's Birthday Celebration Vlog 😍🐶| Gifts & Dress Shopping! 😂",
    "https://www.youtube.com/watch?v=5P-ysVVLCic": "Hector Birthday Celebration + Memorable Clutch | #soulhector",
    "https://www.youtube.com/watch?v=Shc1_xD5sPU": "Sehar Hayat Birthday Party | She performed magnificently | Kanwel Zulqernain | Mj Ahsan | Dr madiha",
    "https://www.youtube.com/watch?v=3TYAsC17iic": "Nastya and her birthday party 8 years old",
    "https://www.youtube.com/watch?v=E5Vyvi0Hvy4": "Tyson's 26th birthday celebration | Sports theme | Sowa health",
    "https://www.youtube.com/watch?v=dv9TZMEENzo": "Rakhi Shopping and Birthday Party 😍 | Harpreet SDC",
    "https://www.youtube.com/watch?v=yA2FnpZBeMM": "दिव्या का Birthday😍| Birthday Celebration With Special People 🥳| Family Vlog | @Divya Sundriyal",
    "https://www.youtube.com/watch?v=z0kdZixRiwg": "Nastya and her Birthday Party 7 years old",
    "https://www.youtube.com/watch?v=74L6tCpjeJo": "Happy Independence Day🇵🇰 Pe Hova Mera Birthday Celebration,&Gifts🎁Opening l Life With Maryam",
    "https://www.youtube.com/watch?v=HzediMWGPVA": "Anant Ambani Wife Radhika Merchant GRAND Birthday Celebration In London!!",
    "https://www.youtube.com/watch?v=q0yOkv1qD3Q": "LIVE Karla’s Birthday Celebration w/ Baking Apple Cinnamon Bundt Cake August 14, 2022",
    "https://www.youtube.com/watch?v=HAAMqNGcAco": "Roma's 9th Birthday Party! Happy Birthday Roma!",
    "https://www.youtube.com/watch?v=LoA07I7Mlwg": "DAVID'S EPIC BIRTHDAY PARTY !! (emotional)",
    "https://www.youtube.com/watch?v=2ZkW5Llm6Vk": "Aug 14, 2022  - Mohini Didi- Birthday Celebration",
    "https://www.youtube.com/watch?v=ZoqxQe85YDQ": "MY KANTO BIRTHDAY PARTY (SHOT PUNO!!)",
    "https://www.youtube.com/watch?v=b9UuhM0TOE0": "Ashi Singh 25th Birthday Party | Siddharth Nigam,Randeep Rai,Abhishek Nigam,Chinki Minki,Nisha Rawal",
    "https://www.youtube.com/watch?v=Jhs6851WBRI": "my 29th birthday party! set up & decor reveal",
    "https://www.youtube.com/watch?v=rL0qFV9Ccwo": "Dokan a aj Kader payer dhulo porlo/ Bordar Birthday celebration",
    "https://www.youtube.com/watch?v=B52hvwJ0F9A": "Buddy 1st Birthday Vlog🎂😍 | 1st Birthday ❤️ | Buddy Best Memories ✨ | Buddy Family & Friends🐕",
    "https://www.youtube.com/watch?v=25gV7PqdpEE": "JOEY D'GREAT BIRTHDAY CELEBRATION",
    "https://www.youtube.com/watch?v=r4srbpcLwZQ": "Birthday celebration with Gym students | CK VLOGS",
    "https://www.youtube.com/watch?v=F_0ulg3jKLo": "❤️❤️❤️ PAPA'S MINI BIRTHDAY CELEBRATION : PART 1",
    "https://www.youtube.com/watch?v=MInp_pp3XjA": "Happy Raksha Bandhan ❤️🌺|| my birthday celebration 🎊🎂|| full family masti😍❤️",
    "https://www.youtube.com/watch?v=TjcyWOxEFhA": "Birthday Celebration 🎂 Binanao janaliNi  12.8.2022🥰🙌||DibikaBrahma||2022",
    "https://www.youtube.com/watch?v=vuSvbTNIA8k": "VLOG | FARFETCH LUXURY UNBOXING | MY BIRTHDAY CELEBRATION",
    "https://www.youtube.com/watch?v=aOlDlh3uwWc": "Happy Birthday Cherish || 8th Birthday Celebration",
    "https://www.youtube.com/watch?v=gix6NfN9fsM": "Anna Jobling's birthday celebration with Meerqeen and team in Jakarta🇮🇩 Look how sweet they are💘",
    "https://www.youtube.com/watch?v=ekQ2bGkQ0Rc": "Chinnipappu’s Birthday Celebration Vlog🎊|| SPURTHI VLOGS ||",
    "https://www.youtube.com/watch?v=n6CJPlK9K6c": "Arul birthday celebration 🥰 Laksarul 😍 Magidharshan",
    "https://www.youtube.com/watch?v=dzgX5-Y8mDI": "HAPPY BIRTHDAY AAYU | Special Birthday Celebration with Family | Surprise Gifts | Aayu and Pihu Show",
    "https://www.youtube.com/watch?v=YrrOE-4AvHc": "Pari Ka Dhamakedar Birthday Celebration Vlog | Pari's Lifestyle",
    "https://www.youtube.com/watch?v=OOK9cqe-BBU": "Happy Birthday, Oliver! First Birthday Party with Diana and Roma",
    "https://www.youtube.com/watch?v=1IgLW_zxo0k": "💃WOW! Biggest Birthday Celebration Party of My life 🥺 Somthing Made me cry | Bindass Kavya vlog",
    "https://www.youtube.com/watch?v=iqYKGIzjQRE": "RACHEL'S BIRTHDAY CELEBRATION | KAYCEE & RACHEL in WONDERLAND FAMILY",
    "https://www.youtube.com/shorts/MuAn0Vv8AmM": "my princess birthday celebration😘",
    "https://www.youtube.com/watch?v=dI-0l9mkXAY": "Birthday Celebration, देखना कौन-कौन आए बेटे को आशीर्वाद देने|पूरे दिन की खूब मस्ती 🥳🥳",
    "https://www.youtube.com/watch?v=nE56HdDzZRU": "ACTUAL FOOTAGE NG BIRTHDAY CELEBRATION NI MS. MARIAN RIVERA IPINAKITA🥰",
    "https://www.youtube.com/watch?v=nNni3uYH9i4": "Anantya Birthday Party Vlog  - BOLLYWOOD THEME | CookWithNisha",
    "https://www.youtube.com/watch?v=hjjwgZGnUTk": "Stranger Shows Up To His Birthday Party",
    "https://www.youtube.com/watch?v=2vtHZhXPxBs": "How To Decorate Home For Birthday Party| Under Budget birthday decoration Idea | Birthday Decoration",
    "https://www.youtube.com/watch?v=5v3Rrb5OGMI": "Party Decorations At Home | Under Budget ❤️ Birthday, Anniversary, Baby Shower, Engagement Etc.",
    "https://www.youtube.com/watch?v=Q2at5J2-K3w": "Sela Mavae 60th Birthday Celebration Part 01",
    "https://www.youtube.com/watch?v=SfnFlh5PI04": "Happy Birthday To My Princess | Laddoo's Birthday Celebration | @Tejasswi Prakash  | Karan Kundra",
    "https://www.youtube.com/watch?v=W08ToPMihhw": "Vlad and his Birthday party Among Us style.",
    "https://www.youtube.com/watch?v=so1Ge8LJZvQ": "Oreo Ka Birthday 🥳 Celebration 😍",
    "https://www.youtube.com/watch?v=G6TmZfZqoF0": "Birthday Celebration Ho Payega? 🥺 New Gold Ring Gift | Barish ne sab bigad diya | Bindass Kavya",
    "https://www.youtube.com/watch?v=DqFBrT7x8wM": "Diana and Roma celebrate Diana's 8th Birthday Party with Friends!",
    "https://www.youtube.com/watch?v=o83foRNwCpg": "SALENA BIRTHDAY CELEBRATION",
    "https://www.youtube.com/watch?v=TicU0ienxu8": "Vaayadi petha pulla#Nainika birthday celebration",
    "https://www.youtube.com/watch?v=qgLWnZ68Mts": "Happy Birthday to Anto surprise gift from Brother Ben w/ Nursery Rhymes song for kids",
    "https://www.youtube.com/watch?v=yBqrdihc5sI": "A2 Sir आए जोधपुर | Nirmal Gehlot Sir Birthday Celebration | Arvind Arora | A2 Motivation",
    "https://www.youtube.com/watch?v=_LmQLRwqWok": "1 LAKH KA BIRTHDAY | Mummy Ka Special Birthday Celebration | Aayu and Pihu Show",
    "https://www.youtube.com/watch?v=QHAULUVDmE0": "Anaya Ki Birthday Party - PART 2 | Shruti Ki Family - Chapter 8 | #DIML #vlog | ShrutiArjunAnand",
    "https://www.youtube.com/watch?v=lAy2c9aHbfE": "17 IDEAS FOR THE BEST PARTY EVER || DIY PARTY POPPERS",
    "https://www.youtube.com/watch?v=5ljiKguzUQw": "Happy birthday to baby song with birthday cake and many color toys & Nursery rhymes for babies & kid",
    "https://www.youtube.com/watch?v=FgLR3w4rU8A": "Birthday Celebration || Russians ko kraya Bhangra  Dance 💃",
    "https://www.youtube.com/watch?v=p6hhDlPCp_k": "Pari 8th Birthday Celebration | Birthday Party #LearnWithPari",
    "https://www.youtube.com/watch?v=uRlrtp33r20": "simple birthday decoration ideas at home ll 3 Birthday party background decoration ideas at home.",
    "https://www.youtube.com/shorts/FexAG0oxtDw": "Birthday surprise decoration at home, Balloon decoration for birthday party  #shorts #birthdaydecor",
    "https://www.youtube.com/watch?v=pdnebvezx7g": "😎Destiny Etiko 33yrs Birthday party Mercy Johnson Lizzy Gold Eze Chizzy Storm Destiny 33yrs party",
    "https://www.youtube.com/watch?v=X2M5dGdIO3A": "Grand Entrance Of Tony At His 50th Birthday Celebration, Live from Edinburgh, Uk",
    "https://www.youtube.com/watch?v=VV3f8F5bNbg": "💃WOW! Birthday Celebration Shopping Pe mila Biggest Surprise 👗Most Costly Dresses | Bindass Kavya",
    "https://www.youtube.com/watch?v=OwgW0U6tb9c": "4 simple birthday decoration ideas at home ll Birthday background decoration ideas at home.",
    "https://www.youtube.com/watch?v=6xgD3DYWKT8": "throwing myself a birthday party in the sims",
    "https://www.youtube.com/watch?v=Jcf-E5RVKbE": "Very Easy Balloon Decoration Ideas for 1st Birthday Party | 1 Birthday Party Decoration Idea at Home",
    "https://www.youtube.com/watch?v=CiaEAK_AvqI": "Sunaina’s 11th Birthday Celebration 🎉 🥳 | Suhana | Basheer Bashi | Mashura",
    "https://www.youtube.com/watch?v=EV0Kt9rxUZs": "Nollywood actor Zubby Michael Rain Naira Bundles On Destiny Etiko’s Birthday Party.",
    "https://www.youtube.com/watch?v=oEACbdu6Kx4": "Uzma 5th Birthday Celebration Vlog 🎂🎉@Rockstar* UZMA SHAIKH  Birthday Party",
    "https://www.youtube.com/watch?v=qgBXUL8EMFI": "JAANU’S BIRTHDAY CELEBRATION IN A SPECIAL PLACE 😍 * Silver jubilee *",
    "https://www.youtube.com/watch?v=H7_6MQG0cEA": "Man shot, killed at his own birthday party at short term rental home",
    "https://www.youtube.com/watch?v=v60w-l8wZi0": "BUTKi ❤️ Ki Birthday￼ Celebration￼ 🎉 | Jiya khan | @Beauty Khan | @Arbaz Mallick | JEET LIFESTYLE ￼",
    "https://www.youtube.com/watch?v=NEjFo4tE17Q": "GodL Shadow Birthday Celebration In Dragon Fly Club 😘Jonathan Gill Live Dance 🩰",
    "https://www.youtube.com/watch?v=buc5fbjdC1A": "Beauty Khan Birthday Celebration🥳 Vlog #23 | Vedic Village Kolkata | Jeetlifestyle, Jiya, SD, Arbaz",
    "https://www.youtube.com/watch?v=Cf5iYvrmBPw": "My 19th Birthday Celebration with friends||Chigrim Sangma",
    "https://www.youtube.com/watch?v=01HrVEAgs9Y": "Birthday Celebration 🎉🎂 continue of Gourav With Fahmaan-Sumbul & Imlie Serial Team #imlie #arylie",
    "https://www.youtube.com/watch?v=wMkm-JE02bg": "Emma and Kate Mulan vs Ariel 4th Birthday party Special!!!!",
    "https://www.youtube.com/watch?v=-FQ3ZQbWERg": "GEMS BIG BIRTHDAY PARTY | जन्मदिन की चोक्लेटी पार्टी | Fun, magic, games | #AayuandPihuShow",
    "https://www.youtube.com/watch?v=NB23-zuh7Bs": "Birthday Celebration at Burj Khalifa❤️ | Waada poora kiya | Dipi khush toh main khush | Dubai vlog",
    "https://www.youtube.com/watch?v=8AEjgyWx3jM": "Maya Ka Birthday Celebration 🎂 🎈 🎉 🎁 14 Saal baad Mile Hain",
    "https://www.youtube.com/watch?v=osYqiWdLgKI": "Happy Birthday Niki! Kids Birthday party with Vlad, Diana and Roma",
    "https://www.youtube.com/shorts/Tz0SdptQ3I0": "Did Josh Richard Bring Livvy Dunne As A Date To Nessa Barrett's Birthday Party?",
    "https://www.youtube.com/watch?v=2FsSHvX3E1c": "Birthday Special Dance Performed by Tilakpure family | Dedicated to NYRA | 1st Birthday Celebration",
    "https://www.youtube.com/watch?v=qpXp3PFFuxM": "Marco's birthday celebration ( part 2 ) | Allyson Mcbride",
    "https://www.youtube.com/watch?v=5DaY7_KsIwI": "Brock Lesnar crashes Hulk Hogan's birthday celebration: Raw, Aug. 11, 2014",
    "https://www.youtube.com/watch?v=Pc5-vHt3AY8": "Simple And Easy Birthday Decoration Ideas at Home | Birthday Suprise Ideas| Birthday Room Decoration",
    "https://www.youtube.com/watch?v=tmuFnV8uuD0": "My Son Birthday Celebration || Punch Prasad || Emmanuel || Babu || Angel Asiya|| Star Entertainments",
    "https://www.youtube.com/shorts/oDDhqZA9fig": "Goa Mini Vlog Day 3 | Birthday Celebration In Goa #shorts #youtubeshorts #fashion #foodie #minivlog",
    "https://www.youtube.com/watch?v=u64z2J0UhrQ": "BIA 1ST MAGICAL BIRTHDAY CELEBRATION | ZEINAB HARAKE",
    "https://www.youtube.com/watch?v=uJ6keNHZdjM": "DIPIKA’ S BIRTHDAY CELEBRATION | MY ATTEMPT TO BAKE A CAKE FOR THE FIRST TIME |SHOAIB IBRAHIM",
    "https://www.youtube.com/watch?v=SfiY05s6ROs": "First Birthday Celebration|Baby Girl| Birthday Theme|Birthday Photoshoot Ideas",
    "https://www.youtube.com/watch?v=DoS4Y-KGezU": "Diana's 7th Birthday Party! Happy Birthday Diana!",
    "https://www.youtube.com/watch?v=W7ZuVf13gZM": "10 lines on my birthday || essay on my birthday party || 10 lines on my birthday in english ||",
    "https://www.youtube.com/watch?v=gvzD84VsbqU": "Vishnu Manchu younger daughter Ayra 3rd birthday celebration photos | Gup Chup Masthi",
    "https://www.youtube.com/watch?v=ZIskUDH-9LA": "Rapunzel Birthday Party with Princesses & Barbie ! Pesta Ulang Tahun Rapunzel Festa de aniversário",
    "https://www.youtube.com/watch?v=mKmawnXDPxY": "🎂BIRTHDAY CELEBRATION OF SIMRAN / @Mr Mrs Narula",
    "https://www.youtube.com/watch?v=PuiuK03evb8": "Rashi's 3rd Birthday Party",
    "https://www.youtube.com/watch?v=S0uUsxto2TM": "Ashi Singh Birthday Celebration 2022 | Ashi Singh Birthday Party 2022",
    "https://www.youtube.com/watch?v=dpDX19dqDpQ": "ATTY. GARRETH’S 30th BIRTHDAY CELEBRATION + GIFT UNBOXING 🎁 | Maricel Tulfo-Tungol",
    "https://www.youtube.com/watch?v=dIxMMA-w0p4": "[BANGTAN BOMB] SUGA’s Surprise Birthday Party! - BTS (방탄소년단)",
    "https://www.youtube.com/shorts/mWtB16IbWWc": "Surprise birthday party for my friend 🧟‍♀️🎂🎉",
    "https://www.youtube.com/watch?v=g2LZGKk6dIk": "Super Star Mahesh Babu 47th Birthday Celebration Photos | Gautam & Sitara",
    "https://www.youtube.com/watch?v=9qTGyDaTEGY": "Throwing My Dog an EPIC Birthday Party!",
    "https://www.youtube.com/watch?v=9E5_3giLB88": "Barbie Doll Morning Routine for Birthday Party with Friends by Play Toys!",
    "https://www.youtube.com/watch?v=maeAvp1-mL0": "Peppa Pig Helps Out at Edmond Elephant's Birthday Party | Peppa Official Family Kids Cartoon",
    "https://www.youtube.com/watch?v=NuE3HnVy2tg": "Peppa Pig Birthday Party Special",
    "https://www.youtube.com/watch?v=jfdC_81ERyM": "Aapka Swagat Hai Mini Birthday Party Mein | Birthday Vlogs | Bharti Singh | Haarsh Limbachiyaa",
    "https://www.youtube.com/watch?v=qEvJGMUzcDE": "Diler Kharkiya Birthday Celebration || Renuka Panwar, Anjali Arora,Chetna के साथ Diler ने काटा Cake",
    "https://www.youtube.com/shorts/_9e6AeMDu4g": "Beautiful Birthday celebration Video",
    "https://www.youtube.com/watch?v=7mH5eWPoefY": "My Surprise Birthday Celebration! (Coachella Vibe)",
    "https://www.youtube.com/watch?v=3p6k668tqTM": "JAYDEN's FIRST BIRTHDAY CELEBRATION !! Happy Birthday Dear Jayden Matthew",
    "https://www.youtube.com/watch?v=c8vgK1UO1W0": "Mia's Magical First Birthday Party!",
    "https://www.youtube.com/watch?v=i1BO1kE677g": "HAPPY BIRTHDAY - Fun Birthday Party Song",
    "https://www.youtube.com/watch?v=93RA5GHAveQ": "Jannat zubair & Ayaan Zubair Birthday Celebration Party | Birthday Celebration Party Video",
    "https://www.youtube.com/watch?v=VdE2A1To9FA": "Chandamama Birthday lo Celebrities | Chandamama 2nd Birthday | Dhavikashasha | Itlu Mee Anjali Pavan",
    "https://www.youtube.com/watch?v=LQwCGPSuSUg": "Diana and Roma Birthday Party stories",
    "https://www.youtube.com/watch?v=-CHVNkIZTeE": "Yogi Birthday Celebration | இப்டி ஒரு Surprise எதிர் பாக்கவே இல்ல 😍 | Myna Wings",
    "https://www.youtube.com/watch?v=wC0xIT-tSQ0": "Cricketers Funny Birthday Celebration ||Virat Kohli,MS Dhoni, Rohit Sharma, Hardik Pandya",
    "https://www.youtube.com/watch?v=cYecsD977mo": "Muheet Birthday Celebration | Kerala Blasters",
    "https://www.youtube.com/watch?v=QPjdUcaNGzk": "Roma and Diana Plan a Birthday Party For Blue",
    "https://www.youtube.com/watch?v=1FcF2eq4lNM": "Best Birthday celebration ever",
    "https://www.youtube.com/watch?v=FAQchUkZWNY": "Balika Vadhu | बालिका वधू | Anandi's Birthday Celebration | आनंदी का जन्मोत्सव",
    "https://www.youtube.com/watch?v=sADN07QtM40": "BIRTHDAY CELEBRATION | ZEINAB HARAKE",
    "https://www.youtube.com/watch?v=viRd4AJFD98": "MY BIRTHDAY CELEBRATION...🎂♥️ ||  SUNDAR GHALAN  || GHALAN FAMILY..👨‍👩‍👧‍👦  ||  VLOG",
    "https://www.youtube.com/watch?v=YzSVVmrxgbg": "Nikita's Birthday Party with friends",
    "https://www.youtube.com/watch?v=dSHtbN5J4U4": "150000 rs चाकू से केक काटा 🎂 | Big grand birthday party Gullu ji | nandini Ashish vlog #dailyvlog",
    "https://www.youtube.com/watch?v=oh5QNak1ixk": "Episode 195 - Taarak Mehta Ka Ooltah Chashmah | Babita's Birthday Party | Full Episode | तारक मेहता",
    "https://www.youtube.com/watch?v=0maYN6h-YQ0": "MY 22ND BIRTHDAY PARTY!",
    "https://www.youtube.com/watch?v=aWF-NMSbe5Q": "Inside Selena Gomez's STAR-STUDDED 30th Birthday Party",
    "https://www.youtube.com/watch?v=bVv3PW8DCZI": "SIDEMEN $100 vs $10,000 BIRTHDAY PARTY",
    "https://www.youtube.com/watch?v=xo2i90lICCY": "Vamika Kohli First Birthday Celebration | Virat Kohli Anushka Sharma Daughter First Birthday Party",
    "https://www.youtube.com/watch?v=T51t6Ldrw8w": "Ashi Singh 25th Birthday Celebration Party with Meet Team|Meet Serial|Ashi Shagun Sharain|Meet Hooda",
    "https://www.youtube.com/watch?v=7M8VCnlJuRA": "Mr Bean Animated | Birthday Party | Season 2 | Full Episodes | Cartoons for Children",
    "https://www.youtube.com/watch?v=MPslpbsQSxQ": "My birthday celebration || Rooqma Ray",
    "https://www.youtube.com/watch?v=JwxsPKuu_Fs": "Ankit Tiwari's Birthday Party",
    "https://www.youtube.com/watch?v=3q2rp3KiBNU": "Lalji Maharajshree 25th Birthday Celebration at Kalupur Mandir",
    "https://www.youtube.com/watch?v=r9Y8xcmoEEQ": "Happy Birthday to Anto at indoor playground Surprise gifts with Mommy and Diana - Family Fun Kids",
    "https://www.youtube.com/watch?v=WTLEkeendQY": "Ruby forgot Bonnie's Birthday Party 7 years old",
    "https://www.youtube.com/watch?v=pzb4CS3QHmU": "Zufi's Birthday Celebration in a LONDON DECDER BUS | Fun & Enjoy | Maisha ka reaction",
    "https://www.youtube.com/watch?v=6H4PZWX5HLY": "Diana and Roma have fun at Nikі's Birthday Party!",
    "https://www.youtube.com/watch?v=0T1svRqTG8w": "Anki Akka Surprise Birthday Celebration | Ankita Amar | Ananya Amar | Kannada Vlog",
    "https://www.youtube.com/watch?v=1nIEdMVOS68": "Fan Mail Friday  Birthday Celebration 3",
    "https://www.youtube.com/watch?v=d3Wc9pku-3E": "Sea View Birthday Celebration for Sherly !! Surprise Cake Cutting at the beach | DAN JR VLOGS",
    "https://www.youtube.com/watch?v=-YaNa6ypukU": "घर पर Birthday Party कैसे करें| How To Organise A Birthday Party At Home| Birthday Series",
    "https://www.youtube.com/watch?v=-W_XBPbzRoI": "Bubble Machine ! Elsa & Anna toddlers - Ariel's Birthday party - pool - playdate - LOL toys",
    "https://www.youtube.com/watch?v=S8JW2C5Tf3k": "10 lines on My birthday party // My birthday celebration // for kids",
    "https://www.youtube.com/watch?v=prUKUt5WaxM": "Mid Night Surprise For Vivek | Birthday Celebration 😇",
    "https://www.youtube.com/watch?v=VaoI2cuFOV0": "ಸಿದ್ದು ಜಾತ್ರೆಗೆ ಅಭಿಮಾನಿಗಳ ಸಾಗರ | Siddaramotsava | Siddaramaiah Birthday Celebration | Davanagere",
    "https://www.youtube.com/watch?v=Nan40lEfMAc": "KARLI'S 18th BIRTHDAY CELEBRATION!!",
    "https://www.youtube.com/watch?v=Q3Q4GaxhdzM": "24th Birthday Celebration at Kannan Devan Hills | Diya Krishna | Ozy Talkies",
    "https://www.youtube.com/shorts/ZTWyxez9VVQ": "#shorts Unicorn Birthday Party Decorations | Unicorn Theme Birthday Decoration | Birthday Decoration",
    "https://www.youtube.com/watch?v=6U4PXRb1Xuo": "#8millionviews Achu kutty❤️ 10th birthday celebration||10 Surprise Gift🥰| kannan❤️bhagavathy",
    "https://www.youtube.com/watch?v=k483PPk51l0": "Chhota Bheem - Chutki’s Birthday Party | Birthday Celebrations in Dholakpur | #HBDChutki",
    "https://www.youtube.com/watch?v=OabKQZkKNng": "INSIDE VIDEO - Ayaan Zubair Birthday Party Jannat Zubair, Faisu, Siddharth Nigam, Ashnoor Kaur",
    "https://www.youtube.com/shorts/l-9FZqkVqwM": "Birthday celebration 🎉🎉🎉 IIT Madras chemistry department 2021 batch🏬❣️❣️❣️❣️",
    "https://www.youtube.com/watch?v=k0XUpi_9v08": "My 24th Birthday Celebration *Nag kaiyakan* | Camille Trinidad",
    "https://www.youtube.com/watch?v=WP-OTtqHe4Q": "Itna Sara Khana Banaya For Husband's Birthday Party !!! Complete Guests Menu😋😋",
    "https://www.youtube.com/watch?v=8gBd5bJ79ts": "Nastya and her Best Happy Birthday party 8 years old!",
    "https://www.youtube.com/watch?v=C4U8AZhWNQg": "My Dog's EPIC Birthday Party!!!!",
    "https://www.youtube.com/watch?v=MUuWgxr5GGk": "Peppa Pig at Elephant Edmond's Birthday Party | Peppa Pig Official Family Kids Cartoon",
    "https://www.youtube.com/watch?v=_QW0yK2iwHk": "13 Birthday Special | BIRTHDAY vs Normal Day | MyMissAnand",
    "https://www.youtube.com/shorts/o-cw7TyWclU": "🥰🍬birthday celebration  🥰🍬",
    "https://www.youtube.com/watch?v=Sw7N6QtIO5w": "Happy Birthday Kiyu I Birthday Celebration I Dance-Games-Fun-Masti-Dhamaal #birthdaycelebration",
    "https://www.youtube.com/watch?v=kTC6uGhNfZs": "🇰🇷 MY BIRTHDAY CELEBRATION vlog 🎂",
    "https://www.youtube.com/watch?v=rOlM1jQ_rag": "RABIA'S BIRTHDAY CELEBRATION 🥳💖",
    "https://www.youtube.com/watch?v=BnVIQpSL5E0": "Chhota Bheem - Birthday Party Celebrations | For the first time in Hyderabad",
    "https://www.youtube.com/watch?v=dR-C_so5w4k": "Rachel's Grand Princess Birthday Party",
    "https://www.youtube.com/watch?v=oaImzvWGDFU": "Kaye Abad Surprise Birthday Party",
    "https://www.youtube.com/watch?v=cpB5abya_k0": "Ryan's 8th Happy Birthday Celebration Special!!!!",
    "https://www.youtube.com/watch?v=H4AjpXjmPfk": "Birthday Party | Crime Patrol 2.0 - Ep 38 | Full Episode | 27 April 2022",
    "https://www.youtube.com/watch?v=UuU2_-qXP8E": "🇰🇷BTS SUGA BIRTHDAY CELEBRATION IN KOREA + Permission To Dance Concert🥳💜💜",
    "https://www.youtube.com/watch?v=2iSkU8OwIig": "Zeeshan Ka Birthday Celebration 😍 Surprise Gifts 🎁",
    "https://www.youtube.com/watch?v=STpi_bjI9v4": "ALAÏA'S 3rd BIRTHDAY PARTY SPECIAL!!!",
    "https://www.youtube.com/watch?v=CeawW5ARqQs": "Kid's Birthday Party Snacks,Games & Decorating Ideas | Party Food Ideas | Birthday Game ideas",
    "https://www.youtube.com/watch?v=tTU-H6SlxOU": "Roma and Diana celebrate Diana's birthday in Pink Panther style",
    "https://www.youtube.com/watch?v=ouiqyhHn6v0": "Pinaka Mahal na BIRTHDAY Celebration - DUBAI",
    "https://www.youtube.com/watch?v=1DZgDHYXp74": "Bug 8th Birthday Party Special !",
    "https://www.youtube.com/watch?v=IOp_FU-P4PY": "Mummy Ki Birthday Party || Chiku Malik Vlogs",
    "https://www.youtube.com/watch?v=Frdw5Gcq6lU": "Vlad and Niki - Roma's Birthday Party at Waterpark",
    "https://www.youtube.com/watch?v=GHlIMyJAj10": "#1millionsviews Pre Birthday Celebration 🎂| 11 Surprise Gift|Akshaya 🥰|Kannan❤️bhagavathy",
    "https://www.youtube.com/watch?v=9nQUaC3ppZg": "Cuddle’s birthday celebration | cuddle bana gentleman | Shoaib Ibrahim | Ibrahim family",
    "https://www.youtube.com/watch?v=uQOI9up0Sag": "😍 Surprise Birthday Celebration Gift To my Dear Anjali | Girls Sunday Picnic  | Bindass Kavya Vlogs",
    "https://www.youtube.com/watch?v=M-tALC2OROc": "FIRST BIRTHDAY CELEBRATION ❤️ | How I manage 15kg cake order in one day | DIML | 1st Birthday vlog 😇",
    "https://www.youtube.com/watch?v=EcFunuf4Ig4": "Bug makes the happiest birthday party ever",
    "https://www.youtube.com/watch?v=q3ICcSspof4": "Episode 191 - Taarak Mehta Ka Ooltah Chashmah | Babita's Birthday Party | Full Episode | तारक मेहता",
    "https://www.youtube.com/watch?v=hbLZG78tB24": "Birthday Celebration || Surprise || Didi || Smarika || Samarika",
    "https://www.youtube.com/watch?v=5kK0ZgIKo0s": "My Birthday Celebration🥰💥🎂 | Suhana | Basheer Bashi | Mashura",
    "https://www.youtube.com/watch?v=ta_HB_SJ76w": "Ovee's 5th Birthday Celebration 🎂",
    "https://www.youtube.com/watch?v=ZnmU_6BD0pY": "AMMI’S BIRTHDAY CELEBRATION | BHABHI MADE CAKE AT HOME",
    "https://www.youtube.com/watch?v=ARJGoKPoFDQ": "Karan Johar 50th Big Fat Bollywood Birthday Party 2022 - Salman, Aishwarya, Anushka, Katrina, Aamir",
    "https://www.youtube.com/watch?v=UlVg1eoU3HY": "Kids Pretend Play PARTY GAMES | Flipkart Play Time - Barbie’s Birthday Celebration | Toystars",
    "https://www.youtube.com/watch?v=uUxNM3U8_9c": "My Birthday  || 5 Lines My Birthday || Five Lines on My Birthday",
    "https://www.youtube.com/watch?v=LQd4Aty3ieg": "Happy Birthday Christian! Second Birthday kids party with Vlad & Niki, Diana & Roma",
    "https://www.youtube.com/watch?v=6ylnEA438z4": "Aashvi’s 2nd Birthday Vlog(Buttery Theme) Surprise, DIY Party Decorations, Gift, Photoshoot🤱",
    "https://www.youtube.com/watch?v=8AEzpUMwfqA": "Happy Birthday Niki 6",
    "https://www.youtube.com/watch?v=SINisLjc_Rs": "MY WILD BIRTHDAY PARTY",
    "https://www.youtube.com/watch?v=jCPcZUifbkc": "BHAI KA BIRTHDAY | SHOAIB IBRAHIM BIRTHDAY CELEBRATION | FAMILY AND FRIENDS",
    "https://www.youtube.com/watch?v=PdZL8RfVClc": "BIRTHDAY CELEBRATION VLOG 🥳| Api ka Purple Day | Rabia ny bed sheet kyu gift ki | Sistrology",
    "https://www.youtube.com/watch?v=j0Pp3Ce6dcU": "MY 24TH BIRTHDAY CELEBRATION!",
    "https://www.youtube.com/watch?v=0BuqGUGZP90": "Doll ki birthday party  #Playhouse #fun #moonvines | MoonVines",
    "https://www.youtube.com/watch?v=gzRGvw_lFdY": "Hriday ka birthday celebration😍 baccho sath",
    "https://www.youtube.com/watch?v=jiAiAbaGGe0": "Dhwani Ki Birthday Party - Cute Sisters Ke Saath Bahut Maza Aaya | RS 1313 VLOGS | Harpreet SDC",
    "https://www.youtube.com/watch?v=n3baKG2jdCs": "Ryan's 7th Happy Birthday Pool Party with Surprise Minecraft Red Titan!!!",
    "https://www.youtube.com/watch?v=i-hx5nLgfV0": "FIRST BIRTHDAY | PRE BIRTHDAY SHOOT | SHREY | BABY BOY SHOOT | CAKE SMASH @Dave Photography",
    "https://www.youtube.com/watch?v=Mierlkswy2A": "Kylie Jenner's Birthday Party w/ Stormi, Kendall Jenner, & More",
    "https://www.youtube.com/watch?v=oNmdLQse_S4": "Avneet Kaur Birthday Party 2019 Jannat Zubair, Siddharth Nigam, Roshni Walia, Ashnoor Kaur",
    "https://www.youtube.com/watch?v=PVxBTuxxyeQ": "SIDEMEN $20,000 vs $200 BIRTHDAY PARTY",
    "https://www.youtube.com/watch?v=u9SyX-QmuJs": "சௌகார் ஜானகி அம்மா 90th பிறந்தநாள் | Great Actress Sowcar Janaki 90th Birthday celebration",
    "https://www.youtube.com/watch?v=yhQ8aos32_k": "AAYU PIHU KA WORLD RECORD | Invitation to Big Birthday Party | Aayu and Pihu Show",
    "https://www.youtube.com/watch?v=GcU6XVXmr_g": "Despicable Me 2 - Agnes' Birthday Party | Fandango Family",
    "https://www.youtube.com/watch?v=6a7jCzfLq3s": "Saba ka Jahan’s Birthday Celebration | Dance Party | Family Moments | Ibrahim Family | Alhamdulillah",
    "https://www.youtube.com/watch?v=rhiWxUMFl3I": "SHAWN 1st year BIRTHDAY Celebration | Sandy Master & Famliy | Cynthia Vinolin | 22-07-2022",
    "https://www.youtube.com/watch?v=tZZjkTLw058": "Happy Birthday Christian! First Birthday kids party with Vlad & Niki, Diana and Roma",
    "https://www.youtube.com/watch?v=fU4IoCX8tFY": "Sasha and Birthday Party! Preparing Surprises and Cake for Mommy",
    "https://www.youtube.com/watch?v=ruXBibhbD6o": "Birthday Party - SNL",
    "https://www.youtube.com/watch?v=bk_I_M1c_IQ": "JCB CAKE for ISAAC's BIRTHDAY CELEBRATION - Cake Eating Challenge !! Neon Cake Topper | DAN JR VLOGS",
    "https://www.youtube.com/watch?v=hC3TMi1FGOM": "Vestine Birthday Celebration ||Dorcas na Morodekayi baramutunguye ubwoba buramwica",
    "https://www.youtube.com/watch?v=E9e7ASeEIlk": "MARSH BIRTHDAY CELEBRATION 💜🔥 *1st birthday*",
    "https://www.youtube.com/watch?v=OnC7LSzRWuU": "Colin's 3rd Birthday Party!",
    "https://www.youtube.com/watch?v=vzUVN_XRFfI": "My Birthday Celebration With Celebrities 🥳❤️ | Karun Raman",
    "https://www.youtube.com/watch?v=8l8042cnIAU": "Under Budget Unicorn Birthday Party Decorations | Easy Unicorn Birthday Party Decorations at Home",
    "https://www.youtube.com/watch?v=qcECP9QWD9M": "Sara Ali Khan 26th Birthday Celebration | Bollywood News | Celebrity News | BOL Entertainment",
    "https://www.youtube.com/watch?v=8taG8b_qk0A": "Ultimate SURPRISE Birthday Party!🎉🎊",
    "https://www.youtube.com/watch?v=qybQrveecOM": "Addy's 9th Birthday Party!",
    "https://www.youtube.com/watch?v=BzKOJseN1UI": "Numnoms Birthday Party Kaycee’s 12th Birthday",
    "https://www.youtube.com/watch?v=wOAbriNLwbM": "VillaGE Birthday Party || Her Birthday celebration in the Village ||",
    "https://www.youtube.com/watch?v=r-XvhzP-94E": "Face Reveal Announcement Vlog & Friends Ko Di Birthday Party | RON GAMING VLOGS",
    "https://www.youtube.com/watch?v=6BSTPygtyNA": "Birthday party DIY project | Funny crafts to make at home",
    "https://www.youtube.com/watch?v=cSxWfJLe-Vw": "Stephen D's Birthday Celebration on #SpreadKINDNESS FRIDAY!",
    "https://www.youtube.com/watch?v=5rmwZ6ad1dU": "Aaru ki birthday party 🎂 || happy birthday Aaru 😍||",
    "https://www.youtube.com/watch?v=ffBeqWwJCQg": "День рождения Дианы, 5 лет! Diana's 5th Birthday Party",
    "https://www.youtube.com/shorts/oPJrdvTL72Y": "Jealous Bully Ruins Kid Birthday Party & Eats His Cake 😱🎂 #shorts",
    "https://www.youtube.com/watch?v=j51kVBnN2wI": "Parrot Pablo 3rd Birthday Celebration Video- Happy Birthday Pablo",
    "https://www.youtube.com/watch?v=WfBVljsvUWE": "Mahhi Vij And Jay Bhanushali Daughter Tara Bhanushali Third Birthday Celebration 2022 With Star Kids",
    "https://www.youtube.com/shorts/F3uaFJbgIL8": "This kid shocked everyone at his birthday party 😂",
    "https://www.youtube.com/watch?v=QOZlxZEtMlo": "Expectation vs Reality - BIRTHDAY Celebration | ShrutiArjunAnand",
    "https://www.youtube.com/watch?v=05l55cTVVd4": "QUAN'S 27TH BIRTHDAY PARTY SURPRISE! *He Had No Idea*",
    "https://www.youtube.com/watch?v=6bhvP7nyqpU": "My Birthday Party Short 5 Lines in English",
    "https://www.youtube.com/watch?v=1qaf5IEHwcY": "Disney Princesses Celebrate Emma and Kate 6th Birthday!",
    "https://www.youtube.com/watch?v=1z4AbFr5RlI": "Marwah & Abdul Rahman’s Birthday Celebration 🎉 || Birthday Party Vlog | Sehrish & Luqman Vlogs!",
    "https://www.youtube.com/watch?v=Efo3AdvGcXk": "Sehar hayyat dance at her 24th birthday party",
    "https://www.youtube.com/watch?v=42quUBgexy0": "[BANGTAN BOMB] V’s Surprise Birthday Party - BTS (방탄소년단)",
    "https://www.youtube.com/watch?v=ts5s4nvLqhM": "I Met Eya Borja! | Nay Yna Magenda’s Birthday Celebration | Sai Datinguinoo",
    "https://www.youtube.com/watch?v=QkIV244nQqM": "Balu Birthday Celebration😍 | Dhruv மாமாவுக்கு குடுத்த Gift😂 | Myna Wings",
    "https://www.youtube.com/watch?v=GK7F0ClVQMI": "Bhabhi 26th Grand Birthday Celebration🥳 | 3 Nands Ne Bhabhi Ko Surprises Dye?🤔 | Life With Amna",
    "https://www.youtube.com/watch?v=HMGXfW1HyqI": "ELLIANA'S 1ST BIRTHDAY PARTY!!!! preparing, setting up & opening gifts",
    "https://www.youtube.com/watch?v=db58wfnynFY": "Dad's Grand 50th Birthday Celebration! ❤️",
    "https://www.youtube.com/watch?v=UWP6KBDddDc": "🇰🇷 BTS J-HOPE BIRTHDAY CELEBRATION | vlog 💜🎂",
    "https://www.youtube.com/watch?v=c5NGTj5mczg": "10 Indoor games for kids | One minute games | Birthday party games for kids | Birthday party games",
    "https://www.youtube.com/watch?v=O9JkQl1phZ0": "Surprise Dance By Sisters | Dasuni Senethma's 17th Birthday Party",
    "https://www.youtube.com/watch?v=JXAGPmGbhlM": "4K Birthday TV Background, Upbeat Music for your Birthday Celebration Party, 11 Songs, Happy Music",
    "https://www.youtube.com/watch?v=EhUMcPf8r34": "FULL SEGMENT - The Rock's birthday celebration: Raw, May 2, 2011",
    "https://www.youtube.com/watch?v=T-cN36RO6mY": "Suresh Gopi Birthday Celebration With Mohanlal & Mammootty | Amma 28th Annual General Body Meeting",
    "https://www.youtube.com/watch?v=zNAvBKp17jQ": "Avni च First Birthday Celebration 🎉😍🎀",
    "https://www.youtube.com/watch?v=QdJjl0XTOig": "OMG! Meri BIRTHDAY DRESS Mil Gayi💃 | Birthday Celebration Shopping Vlog | SAMREEN ALI VLOGS",
    "https://www.youtube.com/watch?v=qUJmW-7LZr8": "Jaden's 21st Birthday Party",
    "https://www.youtube.com/watch?v=tTBeMbZEjjM": "Manu Birthday Party | Best Friend | Happy Birthday | MCA | Middle Class Abbayi | Funmoji | Infinitum",
    "https://www.youtube.com/watch?v=VdKvBZsOw8s": "Diana and Roma Best Birthday Party! Magical Cartoon Compilation",
    "https://www.youtube.com/watch?v=B2S99NlQQcY": "Sara’s birthday party 🎉 |  part 1 | theme decor | DiY | ibrahim family vlogs",
    "https://www.youtube.com/watch?v=cq1hI0Mmyic": "ELLE'S 6TH BIRTHDAY PARTY SPECIAL!!! **EMOTIONAL**",
    "https://www.youtube.com/watch?v=1e_5jGytjK4": "Rana's Birthday Celebration at Morickap Resort, |Muneer Flash #trending #viral #comedy #birthday",
    "https://www.youtube.com/shorts/ZtQmOwhdtWE": "Me Every Time At My Friends' Birthday Party | Nawazuddin Siddiqui | Badlapur #shorts",
    "https://www.youtube.com/watch?v=OrX-yfaHyyc": "Jannie and Emma Pizza Surprise Happy Birthday Party for Ellie",
    "https://www.youtube.com/watch?v=16IndzFp8HQ": "Marshall's Birthday Party",
    "https://www.youtube.com/watch?v=w7dc9Yja6M4": "Emma and Jannie Pretend Play Preparing for a Surprise Birthday Party",
    "https://www.youtube.com/watch?v=2-sRFyE2Dcw": "Trisha's Birthday Celebration - Frenemies # 34",
    "https://www.youtube.com/watch?v=iTYWBV2iZdk": "Rashi's 4th Birthday Party in Kanpur",
    "https://www.youtube.com/watch?v=1WDJ_tS4aGg": "Nastya - Happy birthday song (Official video)",
    "https://www.youtube.com/watch?v=hw2cMOJ6g7I": "DIPIKA’S BIRTHDAY CELEBRATION PART 2 | ALL THAT I COULD DO TO MAKE HER FEEL SPECIAL | SHOAIB IBRAHIM",
    "https://www.youtube.com/watch?v=xCdhlvEdzPg": "Akshaya🥰 Birthday Celebration🎂| Kannan❤️bhagavathy |Akshaya 🥰",
    "https://www.youtube.com/watch?v=wBr4VRu92OU": "Bingo's Birthday Party | Dog Song & More Kids Rhymes by Little Treehouse",
    "https://www.youtube.com/watch?v=NPKVSJEEB_M": "Birthday celebration with jiju😍",
    "https://www.youtube.com/watch?v=xbpvWhp8kEk": "Trinity's 9th Birthday Celebration!!!",
    "https://www.youtube.com/watch?v=_4J6FwoJ1H0": "SURPRISING MJ WITH HIS OFFICIAL 2ND BIRTHDAY PARTY, What Happens Next Is Shocking😱",
    "https://www.youtube.com/watch?v=Oonrno3lwh4": "NEW! CAILLOU BIRTHDAY PARTY | Videos For Kids | Funny Animated Videos For Kids",
    "https://www.youtube.com/watch?v=K38CLEyj-FY": "HAPPY BIRTHDAY CELEBRATION FOR MOMMY!!",
    "https://www.youtube.com/watch?v=_GpeEt-tT60": "Special Gathering for Babaji Maharaj's Birthday Celebration At Navajyoti, Pondicherry",
    "https://www.youtube.com/watch?v=Uy2CSWIREy4": "Cussly's Birthday Party - ChuChuTV Storytime Good Habits Bedtime Stories for Kids",
    "https://www.youtube.com/watch?v=GFYuz5j8Sx0": "My Birthday Celebration Daggad Sai  Anna Bonalu | Janulyri | Janulyrivlogs",
    "https://www.youtube.com/watch?v=QcJINkBhWIU": "Chhota Bheem Birthday Party | Chinese Style Celebration",
    "https://www.youtube.com/watch?v=phyeF1GbvZo": "BHAI ka birthday celebration | from preparation to performance ❤️ | ibrahim family | vlog",
    "https://www.youtube.com/shorts/3JJfJlknFo0": "Hansika Birthday Celebration ❤️ Hansika Motwani 🎁🎂🎈",
    "https://www.youtube.com/watch?v=p3B2-5Dbw2I": "Puneet’s Birthday Celebration in Atlantis Dubai | RS 1313 VLOGS | Ramneek Singh 1313",
    "https://www.youtube.com/watch?v=DD8XELSEpF4": "NEW! Ep 3495 - Jethalal Attends a Birthday Party?! | Taarak Mehta Ka Ooltah Chashmah | तारक मेहता",
    "https://www.youtube.com/watch?v=LCoN0K51iqs": "WALLAD 11th BIRTHDAY PARTY / SWERAB SMITH",
    "https://www.youtube.com/watch?v=efPtGxbNPZc": "Ashi singh birthday celebration.",
    "https://www.youtube.com/watch?v=l_f0_jGT35E": "Little Singham Ki Big Birthday party | Music Video | Saturday, 15th Aug at 11:30 am | Discovery Kids",
    "https://www.youtube.com/watch?v=tm4cR-XjlHM": "Pappu's Birthday Celebration with Animal Friends | Hindi Rhymes for Children | Infobells",
    "https://www.youtube.com/watch?v=_MaxuNEcPh0": "Birthday Celebration | Vlog 🎂",
    "https://www.youtube.com/watch?v=9XjETqiByic": "Rashi's Birthday Celebration in Train",
    "https://www.youtube.com/watch?v=4rchFhBQzlY": "MY BIRTHDAY CELEBRATION 🥳🥳|WITH MY WIFE❤️",
    "https://www.youtube.com/watch?v=KLiIa6YRvpQ": "ಫ್ಲೆವಿಟ ಬರ್ತ್ಡೇ ಸೆಲೆಬ್ರೇಶನ್ ಗ್ರ್ಯಾಂಡಾಗಿ |ಫ್ಯಾಮಿಲಿ ಮಸ್ತಿಯೊಂದಿಗೆ |Birthday Celebration |KannadaVlog 22",
    "https://www.youtube.com/shorts/ERna-mPqw8M": "Gangsters birthday celebration",
    "https://www.youtube.com/watch?v=uaLh833D0mw": "Vijay Devarakonda Looks Towards Rashmika Mandanna at Karan Johar Birthday Party | Friday Culture",
    "https://www.youtube.com/watch?v=7TYLSecnNak": "STAY 3rd Birthday Party🎈 | 2021 STAYweeK🎂",
    "https://www.youtube.com/watch?v=X51EI1Jq7vg": "[BANGTAN BOMB] Surprise Birthday Party for V - BTS (방탄소년단)",
    "https://www.youtube.com/watch?v=4XuNeiOhykM": "Bug's 24 Hour Roblox Birthday Celebration! | Little Big Toys Family",
    "https://www.youtube.com/shorts/XWEMumA6RDA": "Birthday Celebration with My Girls|Dim Sums,Spaghetti Pasta Loaded Nachos #shorts #youtubeshorts",
    "https://www.youtube.com/watch?v=hOVmhM_ZaVk": "Nobody Came to my BIRTHDAY PARTY…",
    "https://www.youtube.com/watch?v=LF3jRKUZndM": "Riza’s Birthday Celebration | Amma Loved The Decoration We Did | Ibrahim Family | Shoaib Ibrahim",
    "https://www.youtube.com/watch?v=8VuErF2jQvs": "Episode 193 - Taarak Mehta Ka Ooltah Chashmah | Babita's Birthday Party | Full Episode | तारक मेहता",
    "https://www.youtube.com/watch?v=qsP1NdhcGhw": "[BANGTAN BOMB] Hobi’s Surprise Birthday Party! - BTS (방탄소년단)",
    "https://www.youtube.com/watch?v=uav5suskIZM": "[EPISODE] BTS Surprise Birthday Party for Jung Kook!",
    "https://www.youtube.com/watch?v=a5dHwAqlDYs": "Mandy Mouse's Birthday Party! | Peppa Pig Official Channel",
    "https://www.youtube.com/watch?v=7gdxPg_qFlE": "MY SWEET 16 BIRTHDAY PARTY 🎉 Vlogmas Day 12!",
    "https://www.youtube.com/watch?v=msdAJb3wj5E": "ETHIOPIAN BIRTHDAY PARTY NAYAB SURAFEL መልካም ልደት",
    "https://www.youtube.com/watch?v=RuwCbMmvm8A": "Birthday Celebration Mein Itna Bada Tragedy 🤦‍♀️ Jeet Ko Balloon se Darr 🤣Celebration At Home",
    "https://www.youtube.com/watch?v=fiXAj99Crnc": "GRACE'S 14th BIRTHDAY PARTY! *FANCY DRESS*",
    "https://www.youtube.com/watch?v=3WLoGARBGUQ": "Ishan’s birthday celebration 🎉🎂 / Mr Mrs Narula",
    "https://www.youtube.com/watch?v=OQIkxYW7fks": "First Birthday decoration | Birthday Decoration ideas at home  | Blue theme | birthday celebration",
    "https://www.youtube.com/watch?v=NDM2M_1-Cs8": "Kajol Dancing with Karan Johar at his Birthday Party | Karan Johar 50th Birthday Party 2022",
    "https://www.youtube.com/watch?v=6iHk6mEdLSo": "कस्सली के जन्मदिन की पार्टी (Cussly's Birthday Party) - Hindi Kahaniya - ChuChu TV Moral Stories",
    "https://www.youtube.com/watch?v=Rj3x7F1KhKU": "My Unique Birthday Celebration 🎂",
    "https://www.youtube.com/watch?v=4DxC1U3SYkc": "[BANGTAN BOMB] Jin’s birthday party behind the scenes - BTS (방탄소년단)",
    "https://www.youtube.com/watch?v=R5CyeAbKgbg": "HAPPY BIRTHDAY - Fun Birthday Party Song",
    "https://www.youtube.com/watch?v=ZxF6vR7_mbo": "Payal’s Birthday Celebration At Sasural | Yashals Vlog",
    "https://www.youtube.com/shorts/Yq4Z23-rTNo": "Crystal’s birthday party DIY",
    "https://www.youtube.com/watch?v=OCHifAZQHHg": "Pooja Birthday celebration ✨❤️🥰🎉🎉#birthday  #celebration #viral #youtube #ncs #harishnayakdancer",
    "https://www.youtube.com/watch?v=Q53p5-JOZGA": "A Hilarious Surprise Guest Interrupts Ellen's 60th Birthday Celebration",
    "https://www.youtube.com/watch?v=tkkbvtPzu5Y": "Ashi Singh 25th Birthday Party With Siddharth Nigam, Chinki Minki, Abhishek Nigam And More Celebs",
    "https://www.youtube.com/watch?v=7qiZnybfnEE": "Happy Birthday | Cake Cutting | Birthday cake",
    "https://www.youtube.com/watch?v=9NP6kgL4bsU": "Swaroop's Birthday celebration | Lovely surprise | Meghana Lokesh | Kalyanam Kamaneeyam |",
    "https://www.youtube.com/shorts/nc2MyPCLxz4": "Shilpa Shetty Cake Cutting Celebrating Grand Birthday Party",
    "https://www.youtube.com/watch?v=SOxE4l7l6Io": "Rehan birthday celebration | Saba ki khichayee ho gayee😂 | Rehan happy hai😃 | Shoaib Ibrahim |vlog",
    "https://www.youtube.com/watch?v=0t--2CNNhcM": "$1 MILLION birthday party? The Hoop Collective's favorite Gilbert Arenas moments",
    "https://www.youtube.com/watch?v=aEaQIQuc1So": "10 Lines on Birthday Party | Few Lines on Birthday Party in English | Essay Writing",
    "https://www.youtube.com/watch?v=vHktc5gqNz0": "Emma and Kate's Surprise Bubbles 5th Birthday Party!!",
    "https://www.youtube.com/watch?v=lT5pZ8Ocd8g": "चला अस्मिच्या बर्थडे ला🎂 Asmi 1st Birthday Celebration with Crazy Foody Ranjita🎂Ovee Sister Birthday",
    "https://www.youtube.com/watch?v=rBzQvkGCvi8": "10 DIY Beautiful Birthday Party And Festival Decoration Ideas At Home :: Best birthday Decoration",
    "https://www.youtube.com/shorts/TYsx137OVsk": "Birthday Party🎂🎉 *VLOG* #shorts  #vlog",
    "https://www.youtube.com/watch?v=iZ1wr3tU3UU": "🥳 SURPRISING PEYTON with UNICORN BIRTHDAY PARTY! Peyton Turns 9🥳",
    "https://www.youtube.com/watch?v=h6sCcWcLU7A": "SURPRISE BIRTHDAY PARTY FOR ME | ZEINAB HARAKE",
    "https://www.youtube.com/watch?v=4ba3g4ne5eA": "5th Birthday Celebration Vlog | SuperPrincessjo",
    "https://www.youtube.com/watch?v=MKILGiHD2AY": "CID - सी आई डी - Birthday Party - Episode 1351 - 11th June, 2016",
    "https://www.youtube.com/watch?v=4HdVZKmim8o": "Ariel's Birthday ! Elsa & Anna toddlers celebrate - gifts - cake - sing - pinata - princesses",
    "https://www.youtube.com/watch?v=RhJqNFQCU_Q": "[EPISODE] 1st BTS Birthday Party (Jin chef of BTS)",
    "https://www.youtube.com/watch?v=9xAjur8oTtE": "Ayra 1st Birthday celebration ONEderland 1080p Full Video",
    "https://www.youtube.com/watch?v=o5RYo3TnhG8": "The 1975 - The Birthday Party (YouTube Session)",
    "https://www.youtube.com/watch?v=X8ic8dFjyuY": "Surprise Gone Wrong 🤦🏻💔 | Zaigham’s 5th Birthday Celebration 🥳 Suhana | Basheer Bashi | Mashura",
    "https://www.youtube.com/shorts/cA1qiDw1XcY": "Birthday Celebration 🎊🎉",
    "https://www.youtube.com/watch?v=2nF6NhsuygI": "Adnaan Shaikh 26th Grand Birthday Celebration | NGO 'Puredeeds Launch | COMPLETE VIDEO",
    "https://www.youtube.com/watch?v=5X9EX_MtAU8": "61 BIRTHDAY CELEBRATION | TITA ANACITA | BURDZJASON",
    "https://www.youtube.com/watch?v=b92nCaVJQP4": "@Flying Beast Birthday Celebration & Meetup in Noida | Meetup Gone Wrong ❌ Gaurav Taneja RituRathee",
    "https://www.youtube.com/shorts/AK4pzuLgjw0": "Homeless mother surprised with DREAM BIRTHDAY PARTY #shorts",
    "https://www.youtube.com/watch?v=oMhjeXEPWcI": "Kabhi Kabhie Ittefaq Sey | Anubhav Sings At Gungun's Birthday Party",
    "https://www.youtube.com/shorts/7qwF2Zjw-xc": "There’s something special about 12 am birthday celebration #shorts #birthdaycelebration",
    "https://www.youtube.com/watch?v=MmL8T_d33ko": "TO DO X TXT - EP.65 2nd Birthday Party Part 1",
    "https://www.youtube.com/watch?v=QykPX00E_ks": "Shubh Laabh - Birthday Celebration - Ep 75 - Full Episode - 11th December 2021",
    "https://www.youtube.com/shorts/1IalTB44h5k": "birthday celebration 🎂 🎈 🎉 🎁 🍾 ✨",
    "https://www.youtube.com/watch?v=C01AHL0E0gc": "Bug's Jelly Slide Pool! Surprise Birthday Party for Callie",
    "https://www.youtube.com/watch?v=Qij5UyUYoWk": "Peppa Pig - My Birthday Party (full episode)",
    "https://www.youtube.com/watch?v=eHWh8OUTLVI": "Mika Singh’s Grand Birthday Celebration | Rakhi Sawant | Shefali Jariwala | Flashback Video",
    "https://www.youtube.com/watch?v=rUda-ydja9s": "PART 2:  SHIVLOGS BIRTHDAY CELEBRATION 🎉# connienuñez",
    "https://www.youtube.com/watch?v=KsLUn7LhxIQ": "MY BIRTHDAY Celebration Vlog 🥳🎂🥰 | ***Extreme Fun*** |#celebration #birthdayvlog #shreyasrivastav",
    "https://www.youtube.com/watch?v=BXVpnuSTWXM": "CHIKOTI PRAVEEN ANNA Birthday celebration 12/07/ 2022.",
    "https://www.youtube.com/shorts/0stPiAdElGs": "Pavni, ஆ காட்டு 😍 ஆசையாய் ஊட்டி விட்ட Amir ❤️ Amir Birthday Celebration 🥳",
    "https://www.youtube.com/watch?v=uxLQ_emhIrg": "Zoey's Birthday Celebration, Decoration, Gifts, Food RKK Family VLOG in Urdu Hindi - SKS",
    "https://www.youtube.com/shorts/Gk57B6vBiMQ": "Little Singham 😎 ke birthday party par honge all types of party people. 🥳 #DiscoveryKidsIndia #réel",
    "https://www.youtube.com/watch?v=UT5kgiH2530": "Ashi singh birthday party।meet serial birthday celebration 🎉meet set ashi Singh birthday 🎉🎉",
    "https://www.youtube.com/watch?v=CCQa9sCQEQw": "WOW! Shoaib Ibrahim Biggest BIRTHDAY Celebration Ever 👼|| Happy Birthday SHOAIB BHAI ||",
    "https://www.youtube.com/watch?v=zDL8LBst66c": "American Style Baby Shower, Baby shower In America, Brother's Birthday Celebration, Seemantham Vlog",
    "https://www.youtube.com/watch?v=hXHqLA1KbRE": "এনেকুৱা জন্মদিন দেখা নাছিলোঁ 😍 @Dimpu's Vlogs | DIMPU'S BIRTHDAY CELEBRATION 🎉",
    "https://www.youtube.com/watch?v=7KDlauR9A2o": "Ganesh Festival  | Ganesh's Birthday Celebration - American REACTION!",
    "https://www.youtube.com/shorts/ovCeYfj9kBY": "💐💐Birthday Celebration 💐💐🎂🎂❤️🍫",
    "https://www.youtube.com/shorts/El6fo4GHKcA": "Sunaina’s 11th Birthday Celebration 🎉 🥳👏❤️ | Suhana | Basheer Bashi | Mashura",
    "https://www.youtube.com/watch?v=Ny0ZeeknxgA": "My Birthday Celebration 🎁🎁🎉| 29 Vlog",
    "https://www.youtube.com/watch?v=CDOZuhyNW4Q": "Sneha ka surprise birthday celebration♥️",
    "https://www.youtube.com/watch?v=CFH2BfElLOU": "98th Birthday Celebration of Brahmaswarup Pramukh Swami Maharaj, Mumbai, India",
    "https://www.youtube.com/watch?v=QiJBKbHPXjY": "Actor Surya Birthday Celebration Photos and Unseen family photos",
    "https://www.youtube.com/watch?v=HNytgYNtUoA": "25th Birthday Vlog | Birthday Party | Party Decoration Ideas | Birthday Celebration in Navi Mumbai |",
    "https://www.youtube.com/watch?v=_U2DvVpfDSA": "OUR 2 YEAR OLDS BIRTHDAY PARTY WAS RUINED... **REALLY SAD**",
    "https://www.youtube.com/shorts/tDIHL2JT5m0": "Priyanka Chopra Grand birthday celebration 💕💕By hubby Nick Jonas #shorts",
    "https://www.youtube.com/watch?v=Jxnas2ytrEM": "75 Birthday Celebration || Mulk Bhar Me Azadi ke Jashan || Jashney Azadi Ki Ranga Rang Taqrebat ||",
    "https://www.youtube.com/watch?v=X5CBP3MjdoE": "Honey's Birthday Celebration Vlog | My Birthday Vlog 😍 Big Surprise | Honey Saurabh Vlogs",
    "https://www.youtube.com/watch?v=joh9zcFBx4Q": "Finally Dhanu Dino Face Reveal And Birthday Celebration Vlog | Telugu Gaming FF",
    "https://www.youtube.com/watch?v=ikH5aGcM8WE": "Adriana and her Princess Birthday Party",
    "https://www.youtube.com/shorts/rM9NPebsXpk": "13 Birthday Celebration! Bollywood Theme #shorts #mymissanand #anantyaanand",
    "https://www.youtube.com/watch?v=7YOBElw7v9M": "Ano ani subscriber gift rwfayu🥰/Birthday celebration with friends &Family😘",
    "https://www.youtube.com/shorts/eK0bROBwN1M": "poor kid gets a Surprise birthday party🎈 #shorts",
    "https://www.youtube.com/watch?v=SThL0VR0YjM": "Chahat Pandey (Mahua) Celebrate Birthday With Nath Zewar Ya Zanjeer All Team || CAKE CUTTING",
    "https://www.youtube.com/shorts/7JMx64feJsQ": "sister birthday celebration ✌️🥰🥰",
    "https://www.youtube.com/watch?v=4PzegdNZDhQ": "Magnus' New PA, Fabi's Birthday Celebration | 44th Chess Olympiad Stories",
    "https://www.youtube.com/shorts/HMaeWM9OKFE": "my student birthday celebration",
    "https://www.youtube.com/watch?v=5-asUUyCZus": "10 Lines On My Birthday ||10 Lines On My Birthday|| Birthday Essay In English Writing ✍",
    "https://www.youtube.com/shorts/hPHoE1iDcCo": "Reem Shaikh celebrate her birthday with celebrities",
    "https://www.youtube.com/watch?v=IFnjYD-oCTI": "Abhi's Birthday Celebration",
    "https://www.youtube.com/watch?v=buPDjlBMcgI": "BIRTHDAY PARTY 2022 #shreemanfamily",
    "https://www.youtube.com/watch?v=AwQaWklNxFs": "10 boy’s Birthday party ideas",
    "https://www.youtube.com/watch?v=k154yQNLFuk": "Lakhs Of People Attended Siddaramaiah's 75th Birthday Celebration In Davangere | Public TV",
    "https://www.youtube.com/watch?v=sh2Csgk1Y-o": "Home Alone| Spring vlog in NYC, birthday celebration, spring cleaning, cherry blossoms!",
    "https://www.youtube.com/shorts/92ObXqInNBU": "My Birthday Celebration 🎉🥳💘🥰",
    "https://www.youtube.com/watch?v=f4h4Hrgo7Rc": "#DanielPadilla's Surprise Birthday Party | Highlights",
    "https://www.youtube.com/watch?v=JJTtJkl75v4": "BIRTHDAY CELEBRATION WENT WRONG...💔😭 GOT EMOTIONAL 🤧",
    "https://www.youtube.com/watch?v=RIPb8SL54iE": "Cussly's Birthday Party + Many More ChuChu TV Good Habits Bedtime Stories For Kids",
    "https://www.youtube.com/shorts/zDpc1RBVLJI": "11 th year birthday celebration vlog of my daughter|kids gathering|Birthday Decoration# photo ideas",
    "https://www.youtube.com/watch?v=NnB-v8V3680": "It's My BIRTHDAY PARTY in RAINBOW FRIENDS!",
    "https://www.youtube.com/watch?v=BbqqSuxyLc0": "Karan Johar turns 50 | Birthday Party | His Learnings, Plans for Future | Film Companion",
    "https://www.youtube.com/watch?v=4_Qz0wGJHCU": "Kannaana Kanne - Sassti's 1st Birthday Celebration - Viswasam movie tamil song",
    "https://www.youtube.com/shorts/9V24a3SHJxs": "Mini Vlog: Friend's Birthday Celebration 🎉🎊🎂 #shorts #ytshorts #soniasau",
    "https://www.youtube.com/watch?v=NOybPxp29iU": "Episode 490 | Thatteem Mutteem | Kokila's Birthday Celebration",
    "https://www.youtube.com/watch?v=5DPSmWdGoSU": "News Fuse | Congress Leader Sura Routray’s Birthday Celebration",
    "https://www.youtube.com/shorts/znnI5pZPmrc": "#Arohi 1sth  birthday celebration, mazbat,udalguri,assam",
    "https://www.youtube.com/shorts/0wTcu2_z99M": "my birthday celebration",
    "https://www.youtube.com/watch?v=4CrsLKsgMR8": "MY BIRTHDAY CELEBRATION 🎂",
    "https://www.youtube.com/watch?v=hGaXplnjRNs": "POKEMON Pikachu Birthday Party in Lego City - pokemon episode",
    "https://www.youtube.com/watch?v=iDSgZbMu5fU": "Birthday Party Recipes | Indian Party Food",
    "https://www.youtube.com/watch?v=e7zn60yR4iA": "Jannie Brush Teeth and Play with Princess Birthday Party Toy Set",
    "https://www.youtube.com/watch?v=LzATxAcsaxE": "Birthday celebration 🥳🎉🥳🎉 Rani jheel + Nature 🏞️🏕️🏞️🏞️",
    "https://www.youtube.com/watch?v=cjECY542_js": "Kabhi Kabhie Ittefaq Sey | Gungun's Birthday Celebration",
    "https://www.youtube.com/watch?v=7UXSpCqR_TM": "Merge Mansion - Ursula’s Birthday Party Event 🎂🎁 - Part 1.1 - Gameplay - FULL STORY - CaroGamesNL",
    "https://www.youtube.com/watch?v=PtXfr5MSX3A": "Diwali and My 9th Month Birthday Celebration / PART 3 / #VLOG 29 / #Aadyansh #learnwithpari",
    "https://www.youtube.com/watch?v=Q43y5cmyZeY": "Myra ka Birthday Celebration🎉",
    "https://www.youtube.com/watch?v=IUJo9_AG4ig": "1 Month Birthday Celebration of our Baby",
    "https://www.youtube.com/watch?v=D_n1B8tcR1I": "Blippi Visits T-Rex Ranch For A Action Pack Birthday Party | Dinosaurs For Kids",
    "https://www.youtube.com/watch?v=6SEOOTW61UU": "Marco's Birthday Celebration | Allyson Mcbride",
    "https://www.youtube.com/watch?v=JfEa7m2bxHk": "Rahul Gandhi Full Speech On Siddaramotsava |  Siddaramaiah's Birthday Celebration | Davanagere",
    "https://www.youtube.com/watch?v=gCklOySPzP4": "LUCAS @5 BIRTHDAY CELEBRATION! | ZEINAB HARAKE",
    "https://www.youtube.com/shorts/2YZgSXe8ehg": "Boys birthday celebration",
    "https://www.youtube.com/watch?v=lheMrpKyAkQ": "Anais' invisible birthday party guests | The Friend | Gumball | Cartoon Network",
    "https://www.youtube.com/watch?v=2tIhRrnclL4": "A Young Assistant Of Ratan Tata 🔥 Shantanu Naidu | Birthday Celebration | Young Friend | Live Hindi",
    "https://www.youtube.com/watch?v=9xcpBxNkKJ4": "Diana and Roma Сelebrate Roma's 9th birthday. Minecraft birthday party!",
    "https://www.youtube.com/watch?v=krWzOi-naG8": "A Pending Birthday Party | Horror Hours | Aahat | Full Episode",
    "https://www.youtube.com/watch?v=XFjxWMHJiMk": "eyeza birthday celebration 🎉🎁",
    "https://www.youtube.com/watch?v=6bEhD3VE9u8": "ምርጥ እና በቀላሉ የልደት decoration how to make birthday decoration2020",
    "https://www.youtube.com/watch?v=QaR31V5xBQ8": "DJ BoBo \"HAPPY BIRTHDAY\"",
    "https://www.youtube.com/watch?v=A9N13bg5hZU": "Vikas Kalantri Son Vihaan 3rd Birthday Party 2022 - Debina, Puja, Shweta, Shivangi, Surveen, Aditi",
    "https://www.youtube.com/watch?v=90w2RegGf9w": "Happy Birthday Song | The Kiboomers | Toddler Dance Party | Happy Birthday to You | Action Song",
    "https://www.youtube.com/watch?v=A8cta-ls_PU": "Aisa Birthday Celebration Nahi Dekha Hoga Kabhi | Nitin Chandila",
    "https://www.youtube.com/watch?v=H4lZnyTT8OI": "Dipika's Birthday Celebration In Limousine Dubai 🚗 || Day 2 In Dubai 🏙️ || Shoaib Ibrahim Official",
    "https://www.youtube.com/shorts/xDZBspX8zIg": "Birthday celebration 🥰",
    "https://www.youtube.com/watch?v=0QqOdz8zjuk": "AJR - Birthday Party (Official Audio)",
    "https://www.youtube.com/watch?v=bOx_Tva2ynw": "10 Lines On My Birthday In English || Birthday Essay Writing In English ||",
    "https://www.youtube.com/watch?v=mrWWydiqhVY": "Kaisi Yeh Yaariaan - Season 2 | Manik's Birthday Celebration | Episode 266",
    "https://www.youtube.com/shorts/fvSTILgK6t4": "my birthday celebration like shareplease",
    "https://www.youtube.com/watch?v=AWUdTZJqkn4": "My Birthday Celebration!",
    "https://www.youtube.com/watch?v=lINhpJm8Ro4": "Birthday Celebration Day 1 || Sheetal Samrudra Mini Goa Resort",
    "https://www.youtube.com/watch?v=_ssEmemOHS8": "Kaisi Yeh Yaariaan | Episode 223 | Manik's surprise birthday party",
    "https://www.youtube.com/shorts/M72BqEDNMlc": "Happy Birthday to me🎉 #birthday #celebration #916house #916shorts",
    "https://www.youtube.com/watch?v=BmTvxcq8I8o": "digital diaries 🎂 throwing my own birthday party woohoo | Joelle",
    "https://www.youtube.com/watch?v=AN3VoU4cNsE": "Episode 194 - Taarak Mehta Ka Ooltah Chashmah | Babita's Birthday Party | Full Episode | तारक मेहता",
    "https://www.youtube.com/watch?v=S1qYoe_Afcg": "Rita Marley 76th Birthday Celebration:  One Rita Royal and Rootsy",
    "https://www.youtube.com/shorts/K5A87RtUZJ8": "Sivaangi Birthday Celebration 🥳 அப்பாவுக்கு Cake 🍰 ஊட்டிவிட்ட Sivaangi",
    "https://www.youtube.com/shorts/GiyN7E2sSx4": "Minku going to a Birthday Party 😎✨ | @Raj Grover | #shorts",
    "https://www.youtube.com/shorts/W0nP6dTFApQ": "Anaanya Going To Birthday Party | बर्थडे पार्टी में जा रही हैं अनन्या | RS 1313 SHORTS #Shorts",
    "https://www.youtube.com/watch?v=SJ-_b5rFX3Y": "NIESHA'S BIRTHDAY CELEBRATION | RANA HARAKE",
    "https://www.youtube.com/watch?v=wMG-3O-rOAw": "Gecko's SURPRISE Birthday Party | Truck Cartoons For Children | Gecko's Garage",
    "https://www.youtube.com/watch?v=iC3MC01BA7I": "BIRTHDAY CELEBRATION NI JIMSQUAD EDDIE | NAIYAK NA!",
    "https://www.youtube.com/watch?v=jofxiEiV2jI": "Happy Birthday wishes New Style / Happy Birthday sms messages / Happy Birthday wishes",
    "https://www.youtube.com/watch?v=Dez4SXCeJvA": "Birthday Celebration",
    "https://www.youtube.com/watch?v=P7cqprf8Res": "My Birthday Celebration",
    "https://www.youtube.com/watch?v=P2AsUQBUyVM": "7TH GRAND BIRTHDAY PARTY | MIK-MIK | CANDYLAND THEME PARTY",
    "https://www.youtube.com/watch?v=Zqfv1ryw9D8": "100 year Birthday Celebration #VasaikarRovilda",
    "https://www.youtube.com/shorts/aS-H90NBuC4": "Birthday celebration #subbuvlogs #vlogswithsubbu #birthday #birthdaycelebration #usatamilvlog",
    "https://www.youtube.com/watch?v=DL3fsoTFTvk": "Inside North West's Glam CAMPING Birthday Party",
    "https://www.youtube.com/shorts/sz9XWrFcs2M": "LET ME STYLE YOU: Birthday Party 🎂",
    "https://www.youtube.com/shorts/TE8klp97JTk": "1 month birthday celebration #meripyaribhanji #shorts",
    "https://www.youtube.com/watch?v=4187aF7cmjU": "How I Prepared a Surprise Birthday Party for Dom! | Bea Alonzo",
    "https://www.youtube.com/watch?v=SFhKkBBPIFw": "Ana's Birthday Celebration at Chuck E Cheese RKK Family VLOG in Urdu Hindi - SKS",
    "https://www.youtube.com/watch?v=EpleYD_aki0": "krishna sir birthday celebration 🥳🎉",
    "https://www.youtube.com/shorts/wI61SDA3x2Q": "Birthday Celebration 🎂🥳 | Tara Jay Bhanushali | Jay Bhanushali | Mahhi Vij | Shorts | Viral Videos",
    "https://www.youtube.com/watch?v=GW1uk1OE3dI": "Kid Krrish Movie Cartoon | Kid Krrish Ka Birthday Party🎂| Cartoon Movies For Kids | Videos For Kids",
    "https://www.youtube.com/shorts/aNSWnNrgS10": "Cristiano Ronaldo Jr Birthday Party Celebration 🥳🔥 ll @TRENDING STAR CR7",
    "https://www.youtube.com/watch?v=LODTcoE_Ux0": "The Special Day | Titli's Birthday Celebration | No Rules Living",
    "https://www.youtube.com/watch?v=cN1n6bUcPtI": "Birthday Celebration & Capturing moments on London Street....",
    "https://www.youtube.com/watch?v=8qmCV77d__E": "Birthday celebration on cruise 🎉 in Dubai.",
    "https://www.youtube.com/shorts/AiSzyE8wsgU": "my birthday celebration finishing💥💢#Ramkumar #shorts",
    "https://www.youtube.com/watch?v=DfOmrxIfBX4": "Birthday Celebration | Travel | Surprises",
    "https://www.youtube.com/watch?v=tYvmOgM39u8": "My unplanned Birthday Celebration 🥳🎉🥳||enjoyed a lot 💃😍🥰",
    "https://www.youtube.com/watch?v=SOicM4qRIp4": "Grandbaby Visit And Mara's Birthday Celebration!",
    "https://www.youtube.com/watch?v=-juVWnfE8vk": "Abaan’s birthday celebration 🎊 | Razika abaan vlog",
    "https://www.youtube.com/watch?v=GaQ0IDLw6qs": "Christone “Kingfish” Ingram, 22nd Birthday Celebration (Concert Performance)",
    "https://www.youtube.com/watch?v=46iiBkxUo3g": "First Time Wolfoo Has Birthday Party with Pop It Cake - Wolfoo Plays Pop It For Kids | Wolfoo Family",
    "https://www.youtube.com/watch?v=Xl85sEwYAXc": "Birthday Celebration | Bade Achhe Lagte Hain - Ep 285 | Full Episode",
    "https://www.youtube.com/watch?v=mIsVsWnHxQU": "Officer Blaze & The Birthday Party! 30 Minute Compilation of Being Thankful",
    "https://www.youtube.com/shorts/Mif9ngHAsXY": "#shorts  Enjoying  Birthday Celebration 🎉👏",
    "https://www.youtube.com/watch?v=3OKuuOd3c2I": "SpongeBob’s Surprise Party 🎂 SPONGEBOB’S BIG BIRTHDAY BLOW OUT",
    "https://www.youtube.com/shorts/EtmNf9O9ykA": "Sare Bolo Happy Birthday 😆 🎂 #shorts | Harpreet SDC",
    "https://www.youtube.com/watch?v=p-NvikEW7kw": "It's A Cheerful 2 Years Judee Family Birthday Celebration",
    "https://www.youtube.com/watch?v=ePzTkQOyFxI": "Salman Khan Genelia D'Souza Madness Dance on Bhaijaan Birthday Party in Panvel Farmhouse",
    "https://www.youtube.com/watch?v=WFVGKgE99og": "THE MOST SPECIAL BIRTHDAY CELEBRATION EVER AND FIRST TIME ON YOUTUBE !! BIRTHDAY VLOG 2022",
    "https://www.youtube.com/shorts/ttUfmvNP67Q": "Birthday Celebration 🎂 By  Vandana Bidlan #shorts",
    "https://www.youtube.com/shorts/df2jmR17MEU": "Surprise Birthday celebration by family",
    "https://www.youtube.com/shorts/XNNzI7JR95U": "👑 @Veer Creation'S Birthday Celebration 🎉 #shorts",
    "https://www.youtube.com/watch?v=o7-QST-1ZnE": "My Birthday Celebration Vlog | Full party 🍨, dance 💃or masti ki apne frnds or family k sath 💃 Part 3",
    "https://www.youtube.com/watch?v=Y6ulAPvEItk": "HAPPY BIRTHDAY LINGOKIDS 🍰🎈 + More Birthday Party Songs | Lingokids",
    "https://www.youtube.com/shorts/kJcBkkax5yM": "Birthday vlog toh apne dekh liya na ?? #shorts #kolkata #alkaagarwal #birthday #celebration",
    "https://www.youtube.com/watch?v=bAeaK53wWro": "Aadya ka Birthday Celebration | Part 1 | LittleGlove",
    "https://www.youtube.com/shorts/79gNyweBgM8": "DIY Cocomelon Birthday Party Theme: Reymar's 1st Birthday",
    "https://www.youtube.com/shorts/LnZDZkeyNb8": "Kiara 5th birthday 🎉🎉🎉 celebration ##mini vlog 7th day",
    "https://www.youtube.com/shorts/70DqrzIBXnc": "Birthday celebration #kumargauravsir #with #deepanshimam #utkarshclassesjodhpur #shorts #love #live",
    "https://www.youtube.com/watch?v=RCRfBA87Emo": "Anushka Sen & Reem Shaikh At Bhavesh Balchandani 18th Birthday Party 2019",
    "https://www.youtube.com/watch?v=el5DvajFexU": "Odumeje Massive Ogene Birthday celebration With Flavour, Masterkraft & Others In Anambra",
    "https://www.youtube.com/shorts/JBkbotjuz4Q": "Gaurav Taneja's birthday celebration gone wrong Gaurav Taneja arrested #flying_beast #gaurav_taneja",
    "https://www.youtube.com/watch?v=I4o6CgK52gE": "Traveling to RAK for Birthday celebration",
    "https://www.youtube.com/shorts/e_HdOQFD0JE": "My birthday party #foryou",
    "https://www.youtube.com/shorts/C9G0jIrCr-g": "Shreya Ghoshal birthday celebration with her family #shreyaghoshal",
    "https://www.youtube.com/watch?v=WmHlsbrcY0c": "my birthday celebration",
    "https://www.youtube.com/watch?v=kbO_km_9Gdg": "24th Birthday Celebration with Fans",
    "https://www.youtube.com/shorts/oNDMXvu6ai0": "Aaradhya Bachchan birthday celebration with #abhishekbachchan #aishwaryarai #bigboss #birthday",
    "https://www.youtube.com/shorts/7Y_cV_OVzWk": "1 years  birthday celebration 🎉🎉🎉.chiku .",
    "https://www.youtube.com/watch?v=0pml8MmOMuk": "10 lines on My Birthday|Essay on my birthday in hindi/10 lines on my birthday/मेरे जन्मदिन पर निबंध",
    "https://www.youtube.com/watch?v=PQt2DYoQrfA": "Inside Priyanka Chopra's 40th Birthday Celebration With Nick Jonas | E! News",
    "https://www.youtube.com/watch?v=PKcobV5ZLKw": "Justin Timberlake Performed at Jessica Biel's Birthday Party",
    "https://www.youtube.com/watch?v=EJT-DQ2Semo": "BIRTHDAY CELEBRATION HENDEN PIEDAD|MANNIXFAM",
    "https://www.youtube.com/watch?v=ZYMElUVGa4U": "A Big Birthday Surprise 🥰🥰     Birthday Celebration Started At Burj Al Arab 🎁",
    "https://www.youtube.com/watch?v=HQtFPyifs_I": "Chuck E. Cheese Birthday Celebration",
    "https://www.youtube.com/shorts/LyGIzaUoJzQ": "birthday celebration",
    "https://www.youtube.com/shorts/9eqGfVTiPyY": "birthday celebration 🎉",
    "https://www.youtube.com/watch?v=luBTnMZzhGU": "DixieDo's 5th birthday celebration!",
    "https://www.youtube.com/watch?v=8lsOmrGGS2k": "My Birthday celebration with NVQ L4 Students",
    "https://www.youtube.com/shorts/MrBjcyIctNs": "birthday celebration🎂",
    "https://www.youtube.com/shorts/G60s-MM3eNY": "my birthday celebration in hostel...with friends & juniors 😍🥰... thank you so much to all..lv u",
    "https://www.youtube.com/watch?v=GHw-UVlnWmE": "ELLIE'S 13TH BIRTHDAY CELEBRATION! 24HRS OF MY BIRTHDAY! EMMA AND ELLIE",
    "https://www.youtube.com/shorts/5R9RFiegcrk": "Birthday candle FAIL",
    "https://www.youtube.com/watch?v=kkPdyp2rrio": "10 lines on My Birthday | Essay on my birthday in hindi  | मेरे जन्मदिन पर निबंध",
    "https://www.youtube.com/watch?v=qSzGXpcUBc8": "Finally A road Trip and Surprise Birthday Party | Runway 1 | Born Creator",
    "https://www.youtube.com/watch?v=ImiZObudikI": "My Birthday Vlog 🎂 Best BIRTHDAY CELEBRATION 🎊🎉",
    "https://www.youtube.com/watch?v=PHgozQ8PRag": "iqrar aziz and yasir Hussain son first birthday celebration",
    "https://www.youtube.com/shorts/aCK51XeY3lM": "How To Decorate Home For Birthday Party |Birthday Decorations Ideas | #birthday #decorationideas",
    "https://www.youtube.com/watch?v=khNujQfZ2xs": "Yes Yes! Wolfoo's 3rd Birthday Party Special - Happy Birthday to You | Wolfoo Official Channel",
    "https://www.youtube.com/watch?v=ekrqyMEUtlY": "My Son’s Asif Birthday 🎂 Vlog | Celebrating 🥳 At Global Grill | Birthday Celebration Vlog",
    "https://www.youtube.com/watch?v=jT43OTYmTfc": "our birthday celebration",
    "https://www.youtube.com/shorts/UxDZ9d80opE": "Making gift bags for my toddler’s birthday party!! #shorts",
    "https://www.youtube.com/watch?v=3AjUJk_7qqc": "Dheemant Agrawal's Birthday Celebration | Director, Digital Strategies | JECRC University",
    "https://www.youtube.com/shorts/qStyqodVtcE": "TTF Vasan birthday celebration @Twin Throttlers",
    "https://www.youtube.com/watch?v=hmtC1uoOFcM": "Birthday celebration ft Devadeep Dutta",
    "https://www.youtube.com/watch?v=EPOi5Sfb57E": "HAPPY BIRTHDAY - Fun Birthday Party Song @Happy Birthday",
    "https://www.youtube.com/watch?v=hgT2YV_Fvtg": "My Birthday Celebration 🥳 | Most Craziest Vlog Ever",
    "https://www.youtube.com/watch?v=StiAhehW0Nk": "Damdar Khabar: Birthday Celebration Of Congress's Prominent Leader Sura Routray",
    "https://www.youtube.com/watch?v=6EGdSwgrFsw": "অমৃত জন্মদিনে ওর বয়ফ্রেন্ড কি দিল? birthday celebration @PriZeff Creation @Pritam Holme Chowdhury",
    "https://www.youtube.com/watch?v=ExVRKxkBzvc": "My Simple Birthday Celebration at Home 😍",
    "https://www.youtube.com/shorts/aADt4H_751Q": "Birthday outing🔥🧿|| Night out Birthday celebration🎂🙌🏻",
    "https://www.youtube.com/watch?v=Kx5FuMDbsC0": "Anaya 1st Birthday Celebration & Gift Opening Or Khabaa l Birthday  Celebration l WUZ BROTHERS",
    "https://www.youtube.com/shorts/IOfIs2GrY0M": "Shilpa Shetty Birthday Celebration outside her Residence",
    "https://www.youtube.com/watch?v=H5wrl4ZYgQ0": "JAYDEN BIRTHDAY PARTY | FULL MASTI",
    "https://www.youtube.com/watch?v=ZdV3VomzKdI": "It's Pat: Birthday Party - Saturday Night Live",
    "https://www.youtube.com/watch?v=v2U8K16Ov9Y": "BIRTHDAY CELEBRATION REAL GUYANESE STYLE #ARD 440",
    "https://www.youtube.com/watch?v=xhRvwsKUJkw": "Episode 190 - Taarak Mehta Ka Ooltah Chashmah | Babita's Birthday Party | Full Episode | तारक मेहता",
    "https://www.youtube.com/shorts/6yxF1pHFBg0": "#Youtubeshorts,#Shorts,How To Blow up Confetti Balloons for Birthday Decoration | Birthday Party",
    "https://www.youtube.com/shorts/sKFS9CmmuIo": "yesterday birthday celebration 🎈🎈😆😅😂🤣",
    "https://www.youtube.com/watch?v=SVs8fDm0NX0": "Aishu's birthday celebration when he turn 2 years old🥰 // small vlog // birthday celebration 🎂 🎈 🎉 🎁",
    "https://www.youtube.com/shorts/3htsJIPa5Us": "Birthday party decoration 🤘🤘🤘🎉🎉🎉🥳🥳🥳",
    "https://www.youtube.com/shorts/gwngusfweB8": "Happy Birthday To You My Cute Sister // Heart Touching Birthday Wishes #happybirthday #sister",
    "https://www.youtube.com/watch?v=pL0pdeJ-dFA": "Happy Birthday - Party Song Lyric | Lavanya Tripathi | Ritesh Rana | Kaala Bhairava",
    "https://www.youtube.com/watch?v=1FXmj2YOgHU": "Destiny Etiko Birthday Party + Her Dressing Spark Reactions.",
    "https://www.youtube.com/shorts/wBUyRTTwaZw": "My Niece birthday celebration 🎉🎈🎂😁 #birthday #celebration #cutiepie #cuteness #baby #youtube #like",
    "https://www.youtube.com/shorts/Ewgp8rkghhM": "Bayko birthday celebration 🎂🥳 || Rutuja Sunny Jadhav birthday celebration || sunny Jadhav instagram",
    "https://www.youtube.com/shorts/r1Eqw_DFeoA": "Advance Birthday Party 🎉🥳. #shorts #advancebirthdayparty",
    "https://www.youtube.com/watch?v=FW9ndje64lM": "First Birthday Celebration Party of Rhivu",
    "https://www.youtube.com/watch?v=MNl2NFTW2gY": "Surprise Birthday Treat to Bestie | Swati`s Birthday Celebration | Indian Vlogger Ranjita",
    "https://www.youtube.com/watch?v=1kXinoPGBf8": "MAY MAGANDANG BUMATI. (My 19th Birthday Celebration)",
    "https://www.youtube.com/watch?v=gyCA3h_X8uw": "A Cause For Celebration : Vlog From Birthday Girl Herself",
    "https://www.youtube.com/watch?v=N6RO-r6AP0c": "My birthday celebration 2022  💗 #birthday #birthdaycelebration @meet sherawat",
    "https://www.youtube.com/watch?v=ePfsvmHCxG4": "Celebrity Arrive in Expensive Cars At Giorgia Andriani Birthday Party",
    "https://www.youtube.com/watch?v=CA5jQakPmlk": "Birthday celebration | Razika abaan new vlog",
    "https://www.youtube.com/watch?v=id3jvDSyrDE": "birthday celebration decoration | birthday celebration vlog | Yogi Ganesh vlogs",
    "https://www.youtube.com/shorts/cuvzXFN8AkM": "My daughter first birthday celebration ❤️ All setup done by me #birthday #celebration",
    "https://www.youtube.com/watch?v=HDlO4JIDFtM": "Blue's Clues & You! FULL EPISODE! | Happy Birthday Blue!",
    "https://www.youtube.com/watch?v=hHCt2c_H0Ic": "Mickey's Birthday Party | A Classic Mickey Cartoon | Have A Laugh!",
    "https://www.youtube.com/watch?v=KXR6RmeuycA": "Dady's Birthday celebration!",
    "https://www.youtube.com/shorts/Nr3mvDqjp_8": "Fire🔥cake🎂taimur ali khan birthday celebration at Karishma Kapoor home viral video latest video",
    "https://www.youtube.com/watch?v=QFrp7B_2FeI": "#birthday #celebration #children #party",
    "https://www.youtube.com/watch?v=lUWtYwJKhz4": "21st Birthday Celebration 🎉 ll 2020 ll Balloons Decorations ll Pull Out Cake ll Surprise Entry ll",
    "https://www.youtube.com/shorts/eLSpemvMbxk": "Like Nastya birthday party",
    "https://www.youtube.com/shorts/Nx-f4JUNXxk": "Surprised Birthday Party || Entertainment || #shorts",
    "https://www.youtube.com/shorts/kfqHlpGSLCE": "alone birthday celebrate 🎂#alone #birthday #celebration #shorts",
    "https://www.youtube.com/shorts/lIv0n3IiCrg": "Bhavika Sharma Birthday Celebration 🍾❤️ Gorgeous Girl🥀❣️💃🙈🔥 madam sir #Shorts",
    "https://www.youtube.com/shorts/6iXzH4XcqoM": "My birthday celebration by my ❣️ || birthday surprise || cafe",
    "https://www.youtube.com/watch?v=MY4qzFgzVf8": "LEGO DUPLO Disney Mickey & Minnie's Birthday Party! 🎈",
    "https://www.youtube.com/watch?v=7yc4vmzRXJo": "Birthday Celebration with Delicious Foods/Yellowchill /NORTHBENGAL/Dooars",
    "https://www.youtube.com/watch?v=e9D7Qu0RbTE": "Episode 192 - Taarak Mehta Ka Ooltah Chashmah | Babita's Birthday Party | Full Episode | तारक मेहता",
    "https://www.youtube.com/watch?v=k5DCD4ZNc7Y": "21st birthday celebration vlog🥳🎉| Gone wrong😂 |ST 43|",
    "https://www.youtube.com/shorts/A67zH5o3PCc": "Happy Birthday wishes for best friend | bday wishes #happybirthday #shorts",
    "https://www.youtube.com/watch?v=uDWcBy4kkhc": "my birthday Celebration 😘",
    "https://www.youtube.com/watch?v=YIDJ87jQkcU": "Birthday wishes in many ways | Birthday wishes in english | Cursive handwriting | Eng Teach",
    "https://www.youtube.com/shorts/XW9Lh5e7LYI": "#shorts Birthday Celebration",
    "https://www.youtube.com/watch?v=mD7cqGUHO4s": "Best Friend ka #birthday  Party 🎉 || #birthdaycelebration #birthdayvlog",
    "https://www.youtube.com/watch?v=uOmsOnNRIOY": "Rakhi Bandhan | Birthday Party | Cafe & Dineout | @DAni Story",
    "https://www.youtube.com/watch?v=UJg7LmoOINw": "MY GF SURPRISED ME FOR MY BIRTHDAY 😍BEST BIRTHDAY CELEBRATION EVER FOR ME THANK YOU PUSPITASUBHANKAR",
    "https://www.youtube.com/watch?v=zmmwAEeAdRU": "My Birthday celebration 🎉🎂🎂🎂",
    "https://www.youtube.com/watch?v=DD0aAIHhaio": "Aamir Khan Daughter Ira Khan Grand Birthday Celebration with Dad, Brother Azad and Mom Rina Dutta",
    "https://www.youtube.com/watch?v=G7a0HMtisJk": "Pre- Bday celebration with spreading smiles ft.@The Real One | CK VLOGS",
    "https://www.youtube.com/watch?v=k44s6BMh6nQ": "60th birthday celebration part 2✨💞",
    "https://www.youtube.com/shorts/Uhbrc9-FyTA": "Happy Birthday Wishes For Everyone #happybirthday #viral #tranding",
    "https://www.youtube.com/watch?v=WFDBAv0V_K0": "Birthday vlog | Best birthday | Got a surprise.",
    "https://www.youtube.com/shorts/zz7LJ8CQDjU": "Birthday celebration 🥳🎉🥳 with our family 🎂🥳",
    "https://www.youtube.com/watch?v=V7XiuZigX8k": "Happy birthday message in Cursive♣♣What to write on birthday card in cursive♣♣Good wishes in cursive",
    "https://www.youtube.com/watch?v=bb_FHRggDPM": "FLOWG, JROA, DONNALYN NAG PERFORM SA BIRTHDAY PARTY NI ZEINAB!!",
    "https://www.youtube.com/watch?v=s98AAwvZWd8": "What happens at a birthday party?",
    "https://www.youtube.com/watch?v=2jIvo4hQFlM": "Peppa Pig Goes to Wendy Wolf's Birthday Party",
    "https://www.youtube.com/watch?v=FtIryaq2P4I": "Best happy birthday wishes messages/ learn english.",
    "https://www.youtube.com/watch?v=NQL-DPFyUqo": "Zeeshan Ka Birthday Celebration 🥳 Itna Bada Gift 🎁",
    "https://www.youtube.com/shorts/c7j82Nlcm_g": "Simple and Beautiful Birthday Decoration by || Jaipuriya Events || #shorts #youtubeshorts #event",
    "https://www.youtube.com/watch?v=STVhK44jDrQ": "💥🤩 IZAAN 1st Birthday Celebration With Family & Friends 🥳 | Gift Scam 🤣",
    "https://www.youtube.com/watch?v=Mvj8dYbuG1E": "my bday celebration ty manmy",
    "https://www.youtube.com/watch?v=dADsit7FsyY": "Birthday celebration 🎉 |Deepika ki duniya| #birthday #brother #vlog #dailyvlog #support #youtube",
    "https://www.youtube.com/shorts/iWSXd6tobY0": "Birthday celebration",
    "https://www.youtube.com/shorts/J4VyTzYRNFA": "Birthday Celebration 2021🎂😊",
    "https://www.youtube.com/watch?v=PH5ZYGYCCG0": "My First Birthday Celebration☺️ | Subarna Chhetri | Yogesh Baraily | Best Birthday Surprise 😇",
    "https://www.youtube.com/shorts/tthTYcSvb08": "misti Birthday celebration",
    "https://www.youtube.com/shorts/vlBGFZxpGto": "my birthday celebration",
    "https://www.youtube.com/shorts/rJ0Azu0tc70": "Birthday celebration with friend at R city mall Ghatkopar (Mumbai) 😍 Thanks my dear friends 🎂🎂"
}