{
    "https://www.youtube.com/shorts/elMFVbgZkfc": "‼️SMOKED CHICKEN with SNACK DADDY‼️ #cooking #grilling #smoking",
    "https://www.youtube.com/watch?v=XLSyg9YbCdQ": "Fast And Clever Kitchen Tricks To Help You Avoid Cooking Fails",
    "https://www.youtube.com/watch?v=QKBHxLxzOdI": "ULTIMATE CHOCOLATE RECIPES | Yummy Dessert Ideas And Mouth-Watering Food Recipes From TIK TOK",
    "https://www.youtube.com/watch?v=pabhH5nGD5E": "Under 60 Min. Indian Guest Menu For Lunch/Dinner | Quick Cooking Ideas For Guest | Guest Food Recipe",
    "https://www.youtube.com/shorts/b7ADFiUO5ug": "Bingo KFC #chicken #kfc #friedchicken #cooking rangers #food",
    "https://www.youtube.com/watch?v=jvoRAb2o3es": "Best Of Miniature Cooking Compilation | 1000+ Miniature Food Recipe ASMR",
    "https://www.youtube.com/watch?v=W6ooHOOEWfM": "Market show, Yummy tofu with ground pork cooking / Soft tofu recipe",
    "https://www.youtube.com/watch?v=3HyD-LnJfLo": "Yummy eggplant cooking / Eggplant recipe / Cooking with Sreypov",
    "https://www.youtube.com/watch?v=sXxa5loQmr8": "Restaurant Style Matar Paneer Recipe | Miniature Cooking | Chapathi + Matar paneer | Mini Food",
    "https://www.youtube.com/watch?v=yX5CbFfb2pU": "Tasty Crispy Wheat Flour Snack | Tea Time Snack",
    "https://www.youtube.com/watch?v=7rfZUOfM4oE": "Yummy cooking Fish salad and Fried fish with vegetable recipe",
    "https://www.youtube.com/watch?v=hVWPr3rMeZQ": "Deep Fried Fish Cooking by 2 Brother | Eating Crispy Fish with Rice Noodle So Delicious",
    "https://www.youtube.com/watch?v=w8I1m1n-7Lg": "How To Cook Like a Chef || Recipes and Food Hacks",
    "https://www.youtube.com/watch?v=gfJxsio3pRU": "A Meal With The Whole Family In The Village! Cooking Lamb Leg and Delicious pastries",
    "https://www.youtube.com/watch?v=Sww2FXkTKO4": "NOODLES | Yummy Hakka Noodles Recipe Cooking and Eating in Village | Chinese Food | Veg Noodles",
    "https://www.youtube.com/watch?v=BeH5cpd4iRE": "100 KG BIG TUNA FISH | Yummy Tuna Fish Pickle | Cutting & Cooking Skill",
    "https://www.youtube.com/watch?v=JnruSSYu8Qo": "Miniature Raksha Bandhan | Tiny Cooking | Mini Food Cooking",
    "https://www.youtube.com/watch?v=HKrKUsXdCYA": "25 Cooking Secrets You Should Know to Become a Chef || Quick Recipes For Every Occasion!",
    "https://www.youtube.com/watch?v=bqKmxEdq1Uc": "Delicious Purple Potato Cheese Balls Recipe - Cooking & Eating Crispy Purple Potato Food in Village",
    "https://www.youtube.com/watch?v=lRfPUSz7tdU": "BIRYANI | MUTTON BIRYANI with Eggs | Traditional Biryani Recipe cooking in Village | Village Cooking",
    "https://www.youtube.com/watch?v=3SJaziZTe5M": "Baby girl Siv chhee is 1 year old, She want to help us to cook / Family food cooking",
    "https://www.youtube.com/watch?v=Li4nEWbobBA": "MUTTON LEG PIECE | Cooking & Eating | Mutton Uppu Kari | Full Goat Leg Fry Recipe Cooking In Village",
    "https://www.youtube.com/watch?v=1xHFduRPZwc": "MEATBALLS INTESTINE | Mutton Keema Meat Cooked In Goat Intestine | Delicious Meat Cooking in Village",
    "https://www.youtube.com/watch?v=d1Uirl4QeJw": "500 QUAIL BIRDS | Cooking Delicious 500 Farm Quails | Making Traditional Quail Curry Recipe",
    "https://www.youtube.com/shorts/4lXRzw9kFSE": "Garam tomato 🍅 #masala #cooking #food #curry #recipes #indianfood",
    "https://www.youtube.com/watch?v=ghsw19qAG1g": "15 Mistakes Beginners Make Cooking Food For the Week",
    "https://www.youtube.com/watch?v=FjdWBKF2VGY": "BHEL PURI | Delicious Bhel Puri with Two Chutneys | Indian Street Food Recipe Cooking in Village",
    "https://www.youtube.com/watch?v=RNg0JCC26oU": "BAMBOO BIRYANI | Mutton Biryani Cooking in Bamboo | Steamed Bamboo Biryani Recipe Cooking in Village",
    "https://www.youtube.com/watch?v=M7YSiR9aFK0": "Cooking game in Hindi Part-23 | Champa ki Village  part 2 | miniature cooking /  #LearnWithPari",
    "https://www.youtube.com/watch?v=mPqtyMXibmA": "a Delicious CHICKEN Thigh & Leg recipe 💯✅ SIMPLE WAY of COOKING Tasty CHICKEN❗",
    "https://www.youtube.com/watch?v=PdU6ul9fDCM": "OCTOPUS COOKING and EATING | Big Size Octopus fry | Seafood Recipe Cooking in Village",
    "https://www.youtube.com/watch?v=5LHyK9zMhMM": "BIG MOMENT | RAHUL GANDHI Join In Village Cooking | Mushroom Biryani | Village Cooking Channel",
    "https://www.youtube.com/watch?v=Ulmi2KeP_vY": "Traditional Indian Lunch Cooking in an Indian Village | Vegetarian Food Recipes",
    "https://www.youtube.com/watch?v=ZnSHbcslcIg": "Market show, Yummy chili sauce steamed duck cooking / Duck recipe",
    "https://www.youtube.com/watch?v=S3J813WGsUU": "Cooking A Toddler A Gourmet Meal",
    "https://www.youtube.com/watch?v=D9NCqkLnaL8": "Paw Patrol Skye and Chase Cooking Contest Toy Food Video for Kids!",
    "https://www.youtube.com/watch?v=m0GW1FyP1YQ": "Asmr Cooking Egg Fried Rice  [MINI REAL FOOD COOKING] жареный рис с яйцом , 계란 볶음밥",
    "https://www.youtube.com/watch?v=3vs4tnFudjU": "Desi Chicken Curry #cooking #recipes #food #shorts #chickencurry",
    "https://www.youtube.com/watch?v=xdeTPfHIWQ4": "Best Of Miniature Cooking Compilation | 1000+ Miniature Food Recipe ASMR",
    "https://www.youtube.com/watch?v=qpYD_nCo-AU": "Cooking in the Kitchen - Kids Song - Pretend Play Cooking with Fun Food for Kids",
    "https://www.youtube.com/watch?v=I8nE9QJliwQ": "1000+ Miniature Cooking Food Recipe Ideas | Best Of Miniature Cooking | Tiny Cakes",
    "https://www.youtube.com/watch?v=VzuNAUTk5L8": "Koi fish cooking & eating video with fresh lau in tribe village | gourd cooking recipe with catfish",
    "https://www.youtube.com/watch?v=RhWeAuC0aoU": "1000 PACKET MAGGI NOODLES | Noodles Recipe cooking Skill | Village Style Cooking",
    "https://www.youtube.com/shorts/dOjLTDO6U5Y": "BEST COOK ASMR FOOD COOKING 🤤🤤🤤 - Hamburger and Cream Cheese",
    "https://www.youtube.com/watch?v=zCuBSUebt1Q": "Top 5 Stir Fry Recipes by Chinese Masterchef | Cooking Chinese Food • Taste Show",
    "https://www.youtube.com/watch?v=OuQgd4fvTIc": "FULL CHICKEN FRY | Yummy Fried Chicken Recipe Cooking in Village | Healthy Country Chicken Recipes",
    "https://www.youtube.com/watch?v=EDcXuCAVI4s": "Ragi Breakfast & Snack Recipes Cooking In Village House || Healthy Ragi Adai || The Traditional Life",
    "https://www.youtube.com/watch?v=z24_qEbXS30": "Peppa Pig Cooking Mini Pizza Shop Pizzeria Chef Set Carry Case",
    "https://www.youtube.com/watch?v=QRgmjM9vWJg": "LADY FINGER FRY | Spicy Okra Recipe Cooking with Eggs | Village Style Okra Recipe | Cooking Okra",
    "https://www.youtube.com/watch?v=qLc5xSPZuOk": "Can Sohla and Ham Make A Meal Out of Corn Flakes? | Mystery Menu | NYT Cooking",
    "https://www.youtube.com/watch?v=rLzR2ckqgkM": "Primitive technology - Cooking octopus hand & egg for food eating delicious",
    "https://www.youtube.com/watch?v=P7ealo4jSqs": "[Engsub] Tiktok ASMR Cooking 🍫 Chocolate Desserts Repices | Fruit With Super Delicious Butter Cream",
    "https://www.youtube.com/watch?v=Bw9oCVMS8VU": "DIY Miniature Fruit Cupcake Recipe | ASMR Cooking Mini Food & Satisfying Video",
    "https://www.youtube.com/watch?v=MAiFRV-SQZ8": "Delicious Miniature Tuna Poke Recipe | ASMR Cooking Mini Food",
    "https://www.youtube.com/watch?v=AQ0oLkwWV_A": "Paw Patrol Cooking Cartoon for Kids - Pups Cook Food for Everest!",
    "https://www.youtube.com/watch?v=Pg3fMxknq-s": "Jeffrey's Top 5 Tips For Cooking Chinese Food",
    "https://www.youtube.com/watch?v=iNEVAoBJU0U": "@Licious Presents Chef It Up - A brand new YFL Cooking Challenge series | From 17/08/2022",
    "https://www.youtube.com/watch?v=2FKwisTlZyw": "Yummy Dragon fruit flower cooking / Have you ever used dragon fruit flower for cooking?",
    "https://www.youtube.com/watch?v=FVvUiMTYXJA": "MUTTON BIRYANI | Layered Mutton Biryani Recipe Cooking In Village | Goat Biryani Cooking & Eating",
    "https://www.youtube.com/watch?v=oetEmPyvWSw": "BEST Of Miniature Cooking Compilation | 1000+ Mini Food Recipe ASMR",
    "https://www.youtube.com/watch?v=-AKxRpD1RrA": "Primitive Technology - New style cooking geese in clay hole - Eating delicious",
    "https://www.youtube.com/watch?v=pVaIbD1xnUE": "BEST Of Miniature Cooking Compilation | 1000+ Mini Food Recipe",
    "https://www.youtube.com/watch?v=SWOKzJ4-v3s": "Easy Miniature Spaghetti Bolognese Recipe | ASMR Cooking Mini Food & Satisfying Video",
    "https://www.youtube.com/watch?v=KL9ttvhswnI": "DRAGON FRUIT JAM | Homemade Jam Recipe Cooking in Village | Yummy Jam Making with Dragon Fruits",
    "https://www.youtube.com/watch?v=p-GVl7scrYE": "Great Depression Cooking - The Poorman's Meal - Higher Resolution",
    "https://www.youtube.com/watch?v=tlYEhuXalL0": "organic food cooking in countryside || Nepal🇳🇵|| lajimbudha ||",
    "https://www.youtube.com/watch?v=N27Fy1h4l6E": "Cooking chicken crispy with rice and egg recipe - Amazing cooking",
    "https://www.youtube.com/watch?v=kuRtO2Jn83k": "How To Make Real Southern Smothered Chicken And Gravy| Soul Food Cooking",
    "https://www.youtube.com/watch?v=G27sd1k__6s": "I'm in Azerbaijan! Cooking Lamb with @WILDERNESS COOKING",
    "https://www.youtube.com/watch?v=0mdxKu9L610": "Self Cooking Asian Meal Boxes",
    "https://www.youtube.com/watch?v=6jgiqyw6E3o": "Cooking Entire YAK!! Pakistani Mountain Food in Hunza!!",
    "https://www.youtube.com/watch?v=7KBmI-g5aIU": "PRAWNS FRY | Crispy Shrimp Fry Recipe Cooking in Village | Tasty Fried Shrimp Seafood Recipe",
    "https://www.youtube.com/watch?v=VzFC8tFEiTw": "Cooking food for baby born doll: Feeding Baby Annabell",
    "https://www.youtube.com/watch?v=jsrP_5BgIJk": "Cheesy, Delicious Onion Rings FROM 1802? |ASMR Fire Cooking|",
    "https://www.youtube.com/watch?v=ai5Tn3-q3-0": "👨🏻‍🍳🍔 Chef Tom vs. Chef Hank (Cooking Show) - Talking Tom Shorts (S2 Episode 11)",
    "https://www.youtube.com/watch?v=vgluHn0FMiI": "Bitter gourd season is coming again in my village / Bitter gourd cooking / Cooking with Sreypov",
    "https://www.youtube.com/watch?v=gLRUZwG3s0s": "Wilderness Cooking Skill | ASMR | Cooking And Eating Cowheel | Cow Heel Cooking Recipe.",
    "https://www.youtube.com/shorts/BAvj-B6dn88": "Making Sweet Mini Ice Cream For Hamster!🐹🍧😍 | Cat Cooking Food  #funnycat #catsoftiktok #shorts",
    "https://www.youtube.com/watch?v=4k7812HCtkI": "[ASMR] Easy Cooking Recipes Of Some Easy-To-Make Cakes🍫 #20 | Tiktok ASMR Cooking",
    "https://www.youtube.com/watch?v=EqLHh9vJIKA": "Best Friends Cooking Battle (ft. Celebrity Chef)",
    "https://www.youtube.com/watch?v=sgmDaq4L2wA": "UNPLANNED 15 Minute Cooking Battle | Sorted Food",
    "https://www.youtube.com/watch?v=yMhXPmWU1Ck": "Best of Miniature Cooking #2 | ASMR Cooking Mini Food Compilation",
    "https://www.youtube.com/watch?v=aVJlr_zmxuE": "Cooking Fried Chicken from 1796 |ASMR Cauldron Cooking| Real Period Recipes",
    "https://www.youtube.com/watch?v=fiuxXTykNmo": "Easy And Yummy Dough Pastry Recipes To Improve Your Cooking",
    "https://www.youtube.com/watch?v=Ai6XYtpT0hQ": "ME VS GRANDMA COOKING CHALLENGE || Simple Secret Kitchen Hacks and Tools by 123 GO! FOOD",
    "https://www.youtube.com/watch?v=fbatqm3-5nU": "Roma and Diana Pretend Play Cooking Food Toys with Kitchen Play Set",
    "https://www.youtube.com/watch?v=vmFwlpDdDEo": "Best Of Miniature Cooking | 1000+  Miniature Food Recipe Ideas | Yummy Tiny Cooking In Tiny Kitchen",
    "https://www.youtube.com/watch?v=zrGjNiGLHDo": "Tasty Miniature Chilli Crab Recipe - ASMR Cooking Mini Food",
    "https://www.youtube.com/shorts/h_63r3IVbMQ": "BEST COOK ASMR FOOD COOKING 🤤🤤🤤 bang bang chicken ramen 棒々鶏",
    "https://www.youtube.com/watch?v=_uUIgLU-Qjg": "How to make Miniature Crispy Doritos Chips Recipe | ASMR Cooking Mini Food",
    "https://www.youtube.com/watch?v=85wctf01Cok": "Daily Routine Village life in Afghanistan | Cooking Village Food | Afghanistan Village life",
    "https://www.youtube.com/watch?v=kbIGV1EofSE": "Best of LEGO COOKING Food Compilation | Lego In Real Life | Stop Motion Cooking ASMR Satisfying",
    "https://www.youtube.com/watch?v=yOg5jdocZMc": "What is Chef Jeff Cooking? 🌶  Zee's Food Recipe | Oddbods Full Episode | Funny Cartoons for Kids",
    "https://www.youtube.com/watch?v=XSbTNNCSOmA": "Hinduşka Plovu, Outdoor Cooking, Cooking on Nature",
    "https://www.youtube.com/watch?v=TYf3eo53fNc": "Snail Cooking and Eating | Healthy Snail Recipe | Cooking South Indian Snails in Village",
    "https://www.youtube.com/watch?v=RhfaHwSXTIo": "LEGO Breakfast: Nutella Banana French Toast - Lego Food Stop Motion Cooking ASMR",
    "https://www.youtube.com/watch?v=pLeZzuwOEA0": "[ASMR] Easy Cooking Recipes Of Some Easy-To-Make Cakes🍫 #111 | Tiktok ASMR Cooking",
    "https://www.youtube.com/watch?v=_uNRfNM-Z2k": "400 Mile Cooking Challenge - Chef vs Normals | Sorted Food",
    "https://www.youtube.com/watch?v=DIlWNAmIwe0": "GRANDMA VS ME COOKING CHALLENGE 2 || Kitchen Gadgets and Parenting Hacks by 123 GO! FOOD",
    "https://www.youtube.com/watch?v=8snZfekKvig": "ELEPHANT FOOT YAM Cooking | Elephant Foot Yam Fry and Gravy With Mutton Meat | Village Cooking",
    "https://www.youtube.com/watch?v=E8IE6wipLBc": "CHEF Behind My CWC Cooking 🔪👩🏽‍🍳 | My Practise Routine | Shrutika Arjun",
    "https://www.youtube.com/watch?v=bnyTMVxbhxQ": "62 Quick Food Tricks - You Suck at Cooking",
    "https://www.youtube.com/watch?v=BTRrrsh2qxg": "Cooking Filipino food with Bella Poarch!",
    "https://www.youtube.com/watch?v=waCmDYU1H2I": "TO DO X TXT - EP.76 Chef Kang's Cooking Secrets",
    "https://www.youtube.com/watch?v=LLSJrEgOOtw": "Mal Ətindən Dümləmə, Outdoor Cooking, Organic Food",
    "https://www.youtube.com/watch?v=UkPBzrQk2XE": "Daily Routine Village life in Afghanistan | Cooking Rural Style Food | Afghanistan Village life",
    "https://www.youtube.com/watch?v=BwLatSGdeu8": "Jannie and Ellie Cooking and Playing with Toy Food | Fruit and Vegetable Toys",
    "https://www.youtube.com/shorts/0tDsJx_-jmc": "\"Sweetest\" Lemon Chicken out there 😋  Asmr cooking #shorts #menwiththepot #cooking #asmr #food #fire",
    "https://www.youtube.com/shorts/6HtUXfD8Ja0": "How Chef Cat Makes the BIGGEST Lollipop in the World!🍭| Cat Cooking Food | Cute Cat TikTok #Shorts",
    "https://www.youtube.com/watch?v=Jo52Rm-NF6g": "COOKING THE BEST STEAK THAT I'VE EVER SEEN/TASTED...DRUNKEN WAGYU A5 PICANHA | SAM THE COOKING GUY",
    "https://www.youtube.com/watch?v=CfB3ll3oQs8": "People Order Food, I Deliver Oblivion - Cooking Simulator",
    "https://www.youtube.com/watch?v=qWY-xSSqfzo": "999+ YUMMY LEGO FOOD | The Best Compilation of Lego Cooking | Stop Motion Cooking ASMR",
    "https://www.youtube.com/watch?v=P8rEPVswO7E": "RICH VS POOR CHEERLEADER COOKING CHALLENGE || Expensive VS Cheap Food by 123GO! FOOD",
    "https://www.youtube.com/shorts/pel1XuJjWdk": "Chef Cat Cooking :  Christmas Orange Cookies 🍪| Cat Cooking Food | CuteCatTikTok #Shorts",
    "https://www.youtube.com/watch?v=bGKPE5GtdpM": "Moroccan Apple Beef Stew Recipe | ASMR Cooking Miniature Food",
    "https://www.youtube.com/shorts/vqDXzXdxng0": "Cat Cooking Show: Strawberry Yakult Soda with ChangAn | Easy Drinks Recipes | Cute Cat TikTok#Shorts",
    "https://www.youtube.com/watch?v=_KAPGkdcD0U": "I'M THE GREATEST CHEF | Cooking Simulator",
    "https://www.youtube.com/watch?v=zYc8tiPkfmY": "Market Show, Buy Pork Legs For Braise Recipe | Yummy Pork Legs Cooking | Cooking With Sros",
    "https://www.youtube.com/watch?v=3AgLGFCMwiY": "Santali tribe couple cooking and eating chicken recipes with sweet pumpkin | rural cooking India",
    "https://www.youtube.com/shorts/tDLl7Q8-l6A": "Prawns 🍤 #cooking #food #shorts #indianfood #chickencurry",
    "https://www.youtube.com/watch?v=o5PvfAsiKJY": "EAM S Jaishankar Love For Food | Jaishankar Visits Famous Bengaluru Food Street | Bengaluru News",
    "https://www.youtube.com/watch?v=nr51IPsmVnU": "Tasty restaurant style moong dal | serve with roti,rice,dosa | North Indian style | cooking square",
    "https://www.youtube.com/watch?v=AjQFVVgrNow": "Famous Pandit Ji Ka Paneer Chilla Rs  120   Only l Jaipur Street Food #junkfood #food #streetfood",
    "https://www.youtube.com/shorts/vXTva3U5Ljs": "healthy recipe drumstic leaves #healthy #tasty #yummy #lunchrecipes"
}