{
    "https://www.youtube.com/watch?v=PP6xXohhNko": "First impresions on Dance Paradise @ Sea Dance Festival",
    "https://www.youtube.com/watch?v=ClAIvx8v1JQ": "Holi celebration in Vrindavan: India celebrates the festival of colours | World English News | WION",
    "https://www.youtube.com/watch?v=9eHeZaRQlno": "盆踊り | JAPAN SUMMER DANCE FESTIVAL | #tradition #dance #festival",
    "https://www.youtube.com/watch?v=U-sj2U5gxjE": "Art & Culture of India: Important Questions on Temples, Fairs, Festivals, Music, Dance, Literature",
    "https://www.youtube.com/watch?v=1hlTwfQqri8": "Adult Dance Contest - Morehead Old Time Music Festival 2016",
    "https://www.youtube.com/watch?v=4k7FklcuXS8": "HOLI KE RANG | Holi Celebration 2022 | Types of people on Festival of Colours | Aayu and Pihu Show",
    "https://www.youtube.com/watch?v=PMfkO3Pv4VQ": "Why are music festivals so expensive? | The Economist",
    "https://www.youtube.com/watch?v=HrrW3rO51ak": "Diwali - Festival of Lights | National Geographic",
    "https://www.youtube.com/watch?v=_9womMYx3yw": "Music festivals: a high-risk business | FT Film",
    "https://www.youtube.com/watch?v=arfypfwz-wE": "Top 10 Music Festivals Around the World Worth Traveling To",
    "https://www.youtube.com/watch?v=LLST0kvmKsg": "KYGO CLOSING ULTRA MUSIC FESTIVAL 2022 - FULL SET",
    "https://www.youtube.com/watch?v=ApJ8-KKrZC4": "Music Feast - Tangmai Festival 2022 [Nitak Programme]",
    "https://www.youtube.com/watch?v=WKuaujIHBT4": "Martin Garrix - Live @ Ultra Music Festival Miami 2019",
    "https://www.youtube.com/watch?v=xGPjonxrUYc": "Hardwell Live at Ultra Music Festival Miami 2017",
    "https://www.youtube.com/watch?v=m1ssAFzaCsU": "Hardwell Live at Ultra Music Festival Miami 2016",
    "https://www.youtube.com/watch?v=5yBSJ2Z6pjY": "MARSHMELLO - LIVE at Ultra Music Festival Miami #ULTRA2019",
    "https://www.youtube.com/watch?v=E2Y-9U3QUxQ": "Martin Garrix LIVE @ Ultra Music Festival Miami (2015)",
    "https://www.youtube.com/watch?v=7xpja4fejbk": "MARTIN GARRIX LIVE @ ULTRA MUSIC FESTIVAL MIAMI 2022",
    "https://www.youtube.com/watch?v=4r1tq1XBN0w": "Martin Garrix - Live @ Ultra Music Festival Miami 2016",
    "https://www.youtube.com/watch?v=O3kVU8sEA_I": "The People Who Take Psychedelics at Music Festivals | Shambhala",
    "https://www.youtube.com/watch?v=yvYeAdcM2Ss": "Hardwell LIVE at Ultra Music Festival Miami 2018",
    "https://www.youtube.com/watch?v=iQpGq4HguVs": "Hardwell - LIVE @ Ultra Music Festival (2015)",
    "https://www.youtube.com/watch?v=pFscrs6qmDY": "Martin Garrix - Amsterdam Music Festival (2014)",
    "https://www.youtube.com/watch?v=7pFbrxs5FJY": "Martin Garrix - Ultra Music Festival Miami (2014)",
    "https://www.youtube.com/watch?v=BWO6VDxSg4o": "Tiësto - Live @ Ultra Music Festival 2014",
    "https://www.youtube.com/watch?v=vaAhJW7pNzw": "Fyre Festival: The World's Most Infamous Music Festival - 4 Years Later (Documentary)",
    "https://www.youtube.com/watch?v=116apI0mkso": "Oliver Heldens @ Ultra Music Festival Miami 2022",
    "https://www.youtube.com/watch?v=zFIikcWbFRc": "David Guetta LIVE @ Ultra Music Festival Miami 2022",
    "https://www.youtube.com/watch?v=iaDFo7hbCKs": "JACK Ü CLOSING ULTRA MUSIC FESTIVAL MIAMI 2015",
    "https://www.youtube.com/watch?v=qgSwHsGaY48": "PONGAL CELEBRATION | Mattu Pongal | Grand Tamil Special Festival Celebrate in Village by farmers",
    "https://www.youtube.com/watch?v=rPV3BWCpRNM": "KREWELLA LIVE @ ULTRA MUSIC FESTIVAL MIAMI 2022",
    "https://www.youtube.com/watch?v=R9q5lBy2w1E": "MARSHMELLO Live At Ultra Music Festival Miami 2018",
    "https://www.youtube.com/watch?v=SAigjoID-1E": "Celebration Of Festivals ~ Names & Types",
    "https://www.youtube.com/watch?v=VYEovGrys1o": "EXIT 2022 | Maceo Plex @ mts Dance Arena FULL SHOW (HQ Version)",
    "https://www.youtube.com/watch?v=_F2KOULJJtk": "The Chainsmokers - Live @ Ultra Music Festival 2016",
    "https://www.youtube.com/watch?v=S-oc9lxsGUI": "Armin van Buuren live at Ultra Music Festival Miami 2022 | UMF",
    "https://www.youtube.com/watch?v=E1ZCQqQhRTU": "ILLENIUM LIVE @ ULTRA MUSIC FESTIVAL MIAMI 2022",
    "https://www.youtube.com/watch?v=tj6k_NKKa-Q": "Tiësto - Live @ Ultra Music Festival Miami 2018",
    "https://www.youtube.com/watch?v=h4LsPOFojI8": "Minnesota State Fair: Fresh French Fries & Bucket Of Cookies | Festival Foodies",
    "https://www.youtube.com/watch?v=P2x3-b6JEj8": "David Guetta | Miami Ultra Music Festival 2014",
    "https://www.youtube.com/watch?v=b1XL0jXDOdI": "Sagi Abitbul - Fortress Music Festival 2017 (Aftermovie)",
    "https://www.youtube.com/watch?v=V2VmcuOEqEg": "SKRILLEX LIVE @ ULTRA MUSIC FESTIVAL 2015",
    "https://www.youtube.com/watch?v=BZJ5Ti-nQvg": "Armin van Buuren live at Ultra Music Festival Miami 2022 | UMF (ASOT Stage)",
    "https://www.youtube.com/watch?v=SdmpBeLrzys": "David Guetta | Miami Ultra Music Festival 2015",
    "https://www.youtube.com/watch?v=Y67S-ZWKRT4": "Shambhala Music Festival Official 2022 Trailer",
    "https://www.youtube.com/watch?v=cuc7YmGKWs0": "Oliver Heldens @ Ultra Music Festival Miami 2019 #Ultra2019",
    "https://www.youtube.com/watch?v=Mf00VzmXsXo": "Tchami - Ultra Music Festival Miami 2022",
    "https://www.youtube.com/shorts/KBuw8h0VNIc": "Water bomb balloons for india holi or Carnival Festival#shorts#experiment by power gear#m4tech#m4tek",
    "https://www.youtube.com/watch?v=hNUsOHg-cA0": "Nicky Romero - Ultra Music Festival Miami 2022 Mainstage",
    "https://www.youtube.com/watch?v=2X6bc-7DsVU": "Tiësto - Live @ Ultra Music Festival Miami 2017",
    "https://www.youtube.com/watch?v=7NBmG7XQxX0": "KSHMR & Maurice West - Festival of Lights (Official Audio)",
    "https://www.youtube.com/watch?v=zKX9OjNy_NI": "Inside a Neo Nazi Music Festival | Decade of Hate",
    "https://www.youtube.com/watch?v=AiGGFDn7ac4": "Oliver Heldens live @ Ultra Music Festival Miami 2015",
    "https://www.youtube.com/watch?v=1AyWoI2e7FM": "Twenty One Pilots - Live at Southside Music Festival (Full Set)",
    "https://www.youtube.com/watch?v=fz-3arJT8fc": "David Guetta | Miami Ultra Music Festival 2019",
    "https://www.youtube.com/watch?v=PfFCVjkmbP4": "Imagine Dragons \"Believer\" Madness Music Festival 2018",
    "https://www.youtube.com/watch?v=6_uNygmCEQY": "Jackson Wang - [China Cool Music Festival]",
    "https://www.youtube.com/watch?v=aWtC1QbBta8": "Vintage Culture & Claptone  @ Ultra Music Festival Miami 2022",
    "https://www.youtube.com/watch?v=cXOAnVI3boM": "FESTIVAL MIX - The Best Electro House Dance Club Mix 2018 | Drop G",
    "https://www.youtube.com/watch?v=8hwL6TpJx2U": "Nicky Romero - Ultra Music Festival 2014 - Full Set Mainstage 29/3 - UMF.TV",
    "https://www.youtube.com/watch?v=MgrLRzPycz8": "David Guetta | Miami Ultra Music Festival 2017",
    "https://www.youtube.com/watch?v=bIFCrhptbxk": "Pravin Godkhindi | Raag Yaman | Bansuri at Ravenna Festival | Music of India",
    "https://www.youtube.com/watch?v=yb0CEcq8V7U": "1 dead, over 20 injured at music festival in Spain",
    "https://www.youtube.com/watch?v=eVCfp8WuAA0": "David Guetta | Miami Ultra Music Festival 2016",
    "https://www.youtube.com/watch?v=2FOPn7Bf5pI": "Short speech on Diwali in English | 10 lines speech on Diwali festival celebration",
    "https://www.youtube.com/watch?v=qr5VqBP1voA": "Girl Gone Wild - UMF Mix (Live From Ultra Music Festival)",
    "https://www.youtube.com/watch?v=GV_NJs07jfI": "Prepared a huge table full of festival foods for our New Year celebration | Traditional Me",
    "https://www.youtube.com/watch?v=Bc3OibcQNHA": "[BANGTAN BOMB] 'Dynamite' Stage CAM (BTS focus) @ 2020 iHeartRadio Music Festival - BTS (방탄소년단)",
    "https://www.youtube.com/watch?v=xr40tgMaD1k": "Armin van Buuren live at Ultra Music Festival Miami 2019 (@A State Of Trance Stage)",
    "https://www.youtube.com/watch?v=9I4_gVqAV0U": "Eternal Summer with the Greatest Hits | Sea Dance Festival 2022",
    "https://www.youtube.com/watch?v=oN8JeU3G4fM": "BTS (방탄소년단) 'Butter' @ FNS MUSIC FESTIVAL",
    "https://www.youtube.com/shorts/1cOqOytBGZE": "Sneaking Into Largest Music Festival",
    "https://www.youtube.com/watch?v=7aTcb3iezU0": "KUNGS live at Ultra Music Festival Miami 2018",
    "https://www.youtube.com/watch?v=J3-ouNBEL1Y": "BEST OF EDM - Electro House Festival Music Mix 2018",
    "https://www.youtube.com/watch?v=pja5h8t-x3Y": "Axwell Λ Ingrosso | Live at Ultra Music Festival Miami 2017",
    "https://www.youtube.com/watch?v=NZXb_N4mCL0": "The Weeknd - The Hills (Live at Apple Music Festival: London 2015)",
    "https://www.youtube.com/watch?v=3chLlsU6lHM": "Festival CARNIVAL/MELA - Food and Games Fest | ToyStars",
    "https://www.youtube.com/watch?v=VYcR1iyIydY": "Armin van Buuren live at Ultra Music Festival Miami 2017",
    "https://www.youtube.com/watch?v=5y5yteF88dg": "Alicia Keys - Empire State of Mind (Live from Apple Music Festival, London, 2016)",
    "https://www.youtube.com/watch?v=mnyaft_69Lc": "EXIT 2022 | Monolink Live @ mts Dance Arena FULL SHOW (HQ Version)",
    "https://www.youtube.com/watch?v=f68h6LTWD-E": "LUKA ft. EVGENY  - LIVE at No Borders Music Festival [FULL CONCERT]",
    "https://www.youtube.com/watch?v=my_El6mLr1I": "Alicia Keys - Fallin' (Live from Apple Music Festival, London, 2016)",
    "https://www.youtube.com/watch?v=DiGaIr0phRg": "GIFT vs CHOCOLATE | Rakhi Special Video | Festival Celebration | Aayu and Pihu Show",
    "https://www.youtube.com/watch?v=YykXqMNP2wI": "Queen + Adam Lambert at iHeartRadio Music Festival, Las Vegas, NV September 20, 2013",
    "https://www.youtube.com/watch?v=1A91QIqAzVo": "DIWALI ki MASTI | Diwali festival family celebration | Craft & DIY decoration | Aayu and Pihu Show",
    "https://www.youtube.com/watch?v=rO-VjVIGfDU": "Britney Spears - Gimme More (Live from Apple Music Festival, London, 2016)",
    "https://www.youtube.com/watch?v=1_ohYKqoBTw": "Radiohead - Live from Coachella Valley Music and Arts Festival (April 2017)",
    "https://www.youtube.com/watch?v=pmfG1yyvIIk": "Charli XCX Live in Chicago | Pitchfork Music Festival 2019",
    "https://www.youtube.com/watch?v=zpEBBr73VPE": "The Teskey Brothers - Live at Queenscliff Music Festival 2017",
    "https://www.youtube.com/watch?v=k5aFKTvLqMg": "Molly Tuttle \"White Freightliner Blues\" 7/30/22 Ossipee Valley Music Festival",
    "https://www.youtube.com/watch?v=GmEyM5Ocjec": "Britney Spears - Work B**ch (Live from Apple Music Festival, London, 2016)",
    "https://www.youtube.com/watch?v=aNgg8laBkZ0": "Kygo - It Aint Me (Live from the iHeartRadio Music Festival 2018)",
    "https://www.youtube.com/watch?v=dbYWtmblvYI": "Scorpions - Blackout (Moscow Music Peace Festival 1989)",
    "https://www.youtube.com/watch?v=4ngl6icXkQ8": "Ruth B | LIVE Performance | Dandelions | CBC Music Festival",
    "https://www.youtube.com/watch?v=E4EBBWuUiVc": "RAKHI KI LADAI | A Short Movie on Rakshabandhan Celebration | Festival Vlog | Aayu and Pihu Show",
    "https://www.youtube.com/watch?v=7DcjIVTS1Gs": "Scorpions - Still Loving You (Moscow Music Peace Festival 1989)",
    "https://www.youtube.com/watch?v=4NDXoQTydUA": "Kygo - Stargazing ft. Justin Jesso (Live from the iHeartRadio Music Festival 2018)",
    "https://www.youtube.com/watch?v=oP20nz96Tu0": "Ayla Music Festival 2022",
    "https://www.youtube.com/watch?v=Gb8z_7Tl4Cc": "sanah x Felicjan Andrzejczak - Jolka, Jolka pamiętasz (Live @ Fest Festival 2022, 13.08.2022)",
    "https://www.youtube.com/watch?v=QAn9cDZ0YAU": "LIPPY AND EVA DISCUSS UK MUSIC FESTIVALS | HYPE REACTS S3E2",
    "https://www.youtube.com/watch?v=RPyBq7ePpn0": "ENHYPEN (엔하이픈) 'Permission To Dance/Tamed-Dashed'  @ FNS MUSIC FESTIVAL",
    "https://www.youtube.com/watch?v=MrOpYwqAcFk": "Pharrell Williams - Get Lucky (Live from Apple Music Festival, London, 2015)",
    "https://www.youtube.com/shorts/QjWWh6olaNA": "sanah fest festival 💝",
    "https://www.youtube.com/watch?v=-e3qn2tIYgo": "Britney Spears - If U Seek Amy (Live from Apple Music Festival, London, 2016)",
    "https://www.youtube.com/watch?v=GoLvhh89law": "TWICE - LIKEY, 트와이스 - LIKEY (Part Changed Ver.) @2017 MBC Music Festival",
    "https://www.youtube.com/watch?v=jfCVHngAEMk": "Festival Fest: February 8 & 9",
    "https://www.youtube.com/watch?v=Bm3-bytFQkE": "R.E.M. - Losing My Religion (Live from Glastonbury Festival, 1999)",
    "https://www.youtube.com/watch?v=gqdZNFE0qxc": "History of Imagine Music Festival + Whats New for 2022",
    "https://www.youtube.com/watch?v=ELZQDSGx4qk": "Celebrating colours of the season",
    "https://www.youtube.com/watch?v=sl1HbiNvbWc": "India Fest 2022 (LIVE)",
    "https://www.youtube.com/watch?v=jEKXK8TKjnI": "India Fest 2022 (LIVE)"
}