{
    "https://www.youtube.com/watch?v=RFPUbb3GYEc": "US vs India Domino’s Pizza | Food Wars | Food Insider",
    "https://www.youtube.com/watch?v=Sww2FXkTKO4": "NOODLES | Yummy Hakka Noodles Recipe Cooking and Eating in Village | Chinese Food | Veg Noodles",
    "https://www.youtube.com/watch?v=DutQbEPqaNk": "US vs India KFC | Food Wars | Food Insider",
    "https://www.youtube.com/watch?v=-CzOvqqnQS0": "Indian Street Food in Singapore!! KING OF CHAPATI - Best Food in Little India!!",
    "https://www.youtube.com/watch?v=4db6E1VE_0w": "Trying 7 Star Food From 5 Star Hotel | Expensive Food Challenge | Viwa Food World",
    "https://www.youtube.com/watch?v=1fVwoquZuU4": "Dubai Food - RARE Camel Platter - WHOLE Camel w/ Rice + Eggs - Traditional Emirati Cuisine in UAE!",
    "https://www.youtube.com/watch?v=hcsrdPztAmk": "US vs India McDonald’s | Food Wars | Food Insider",
    "https://www.youtube.com/watch?v=pn0LSvhafYw": "Pakistan Street Food VS India Street Food!! Who does it better?",
    "https://www.youtube.com/watch?v=COKgCX246xM": "TASTY FOOD HACKS || Genius Ways to Cook Food",
    "https://www.youtube.com/watch?v=fGVTTTRHWr0": "VILLAGE MARRIAGE FOOD | Mutton Curry | Fish Fry | Boiled Egg Raththa Poriyal | Village Function Food",
    "https://www.youtube.com/watch?v=_o__1s7H4R8": "28 SMART FAST FOOD HACKS",
    "https://www.youtube.com/watch?v=DVqdF4tScVs": "McDonald’s Pakistan VS India!! Epic Fast Food Showdown!!",
    "https://www.youtube.com/watch?v=cmKmYVzO2KI": "US vs India Starbucks | Food Wars | Food Insider",
    "https://www.youtube.com/watch?v=foD42-73wdI": "Better Than Fast Food! Classic Smash Burger Recipe",
    "https://www.youtube.com/shorts/Dp37RWk39iQ": "UNLIMITED FOOD In Rs.219 At Dadi Ki Rasoi, Sarojini Nagar, Kanpur | Indian Street Food | #shorts",
    "https://www.youtube.com/watch?v=MxNAkPuff3I": "VEG MANCHURIAN MAKING | Fast Food Recipes | Veg Manchurian Recipe | Hyderabad | Street Food 2021",
    "https://www.youtube.com/watch?v=PHeS4ZZ9l9A": "All The Differences Between American And Japanese 7-Eleven | Food Wars | Food Insider",
    "https://www.youtube.com/watch?v=iWLGtdENk6k": "Yummy cook Pork tasty with salad for food - Pork curry spicy for eating delicious",
    "https://www.youtube.com/watch?v=FsFbhXHcOdM": "Ryan's Food Truck Play kitchen serving Pretend Play FOOD with 1hr kids video!!!",
    "https://www.youtube.com/watch?v=6WJztc98iII": "Having Only ONE COLOR of Food 😱 || 60 minute Food Challenge",
    "https://www.youtube.com/watch?v=vK9f3wx-kS0": "Eating Only Unique Food For 24 Hours 😍 with India's top food vloggers",
    "https://www.youtube.com/watch?v=LLOEVk2FttU": "Street Food in Varanasi - ULTIMATE 18-HOUR OLDEST Indian Street Food Tour in Banaras, U.P India! 🇮🇳",
    "https://www.youtube.com/watch?v=QFvhsTHeNP0": "DESI VS CHINESE | Food Challenge with family | Favourite food | Aayu and Pihu Show",
    "https://www.youtube.com/watch?v=2J2YERCzcT0": "These Food Hacks Will Make Your Mouth Water!",
    "https://www.youtube.com/watch?v=lIawWf0ahik": "Roti Base Egg Pizza Making On Street | Egg Street Food | Indian Street Food",
    "https://www.youtube.com/watch?v=WSjhoW3MelQ": "SUMMER FRUIT HACKS AND DESSERT RECIPES | Yummy And Refreshing Food Ideas",
    "https://www.youtube.com/watch?v=1HBVyD_11kk": "Eating Superhero Food Challenge with Wolfoo - Learns Healthy Food Choices | Wolfoo Family Official",
    "https://www.youtube.com/watch?v=B6oDf1WIVPA": "Sidhu Jammu Wala ka Desi Street Food | Street Food India | Bun Fried Burger",
    "https://www.youtube.com/watch?v=NLPuCclm5lA": "THE MOST SATISFYING FOOD VIDEO COMPILATION | SATISFYING AND TASTY FOOD",
    "https://www.youtube.com/watch?v=RQ1CE2e-O_A": "Amazing Food at Street | Amazing Street Foods Compilation | Street Food Bangladesh",
    "https://www.youtube.com/watch?v=sG1XcxBOa7A": "Try Not to Eat - Naruto Food! (Naruto Onigiri, Yakiniku, Mitarashi Dango) | People Vs. Food",
    "https://www.youtube.com/watch?v=HSin0BOwH4M": "YUMMY AND FRESH SUMMER FOOD RECIPES AND DRINK IDEAS",
    "https://www.youtube.com/watch?v=eLeYCwv0j9Q": "US vs Japan McDonald's | Food Wars | Food Insider",
    "https://www.youtube.com/watch?v=8pL-DEjhatY": "UnKNOWN African Food in Zimbabwe!! From Strange to Street Food!! (Full Documentary)",
    "https://www.youtube.com/watch?v=hgAaXDpdzI4": "Trying Amul Food | Food Vlog",
    "https://www.youtube.com/watch?v=l7zORXFIToM": "TASTY Disney California Adventure Food Under 12 Dollars! Disneyland On a Budget 2022",
    "https://www.youtube.com/watch?v=8ZQJRoJgMQ0": "Emma and Jannie Eat and Cook Healthy Food  | Funny Food Toys Video for Kids",
    "https://www.youtube.com/watch?v=XKshtn5TMIw": "Guntur Chicken Kichidi |Food Checking  | Ft.5monkeys Food | Indian Street Food",
    "https://www.youtube.com/watch?v=wNCPgIVz15c": "American Eats Pakistan!! From Street Food to Strange Food!! (Full Documentary)",
    "https://www.youtube.com/watch?v=MtxqrHiP2Mk": "$100 Food Truck Challenge!! USA's Street Food of the North!!",
    "https://www.youtube.com/watch?v=BtaPTeT5b90": "Fastest Worker of Japanese food stand in Japan | street food | 길거리 음식 | puesto de comida",
    "https://www.youtube.com/watch?v=BBT_FLYF65k": "Most UNIQUE Food in MEXICO!! SUPER RARE Food Tour!! (FULL DOCUMENTARY)",
    "https://www.youtube.com/watch?v=EaAQh1US_ak": "VIRAL FOOD HACKS AND TRICKS  ||  Yummy Ideas And Hacks by 123 GO! FOOD",
    "https://www.youtube.com/watch?v=tMX6MkhnRF4": "Unboxing Spice and Yummy Dishes Mukbang Food Eating",
    "https://www.youtube.com/watch?v=wLQFtcqSL0k": "Spanish Food Tour - ULTIMATE FOOD TOUR in Madrid!! Best Restaurants + Tapas in Spain!!",
    "https://www.youtube.com/watch?v=lt7E9vzW3Cs": "Eating Food From All Around INDIA Challenge | Covering 29 States Food | Hungry Birds",
    "https://www.youtube.com/watch?v=4ZmzThsytKU": "Awesome Food Compilation | Tasty Food Videos! #174",
    "https://www.youtube.com/watch?v=pd0fC7kEhAE": "Healthy Food Vs Junk Food Challenge | Hungry Birds",
    "https://www.youtube.com/watch?v=RRbbblOqIMc": "South African Food is RIDICULOUS!! (Taste Test) | Sorted Food",
    "https://www.youtube.com/watch?v=-8yLGesi16o": "Trying BIGGEST FOOD | Food Challenge",
    "https://www.youtube.com/watch?v=57ZQ51ZGl2g": "Taste Testing STREET FOOD from Around the World | Sorted Food",
    "https://www.youtube.com/watch?v=17GCoYmGLBM": "BRAZILIAN STREET FOOD in LOS ANGELES! Insane Brazilian BBQ Meal!",
    "https://www.youtube.com/watch?v=u_dXm6CZBT4": "Nellore Vari Ruchulu | Best Veg And Non-veg Recipes | Hyderabad Street Food | Food Review",
    "https://www.youtube.com/watch?v=uCUge68Z228": "BIG VS MEDIUM VS SMALL FOOD CHALLENGE || Last To Stop Wins! Giant VS Tiny Food by 123 GO! FOOD",
    "https://www.youtube.com/watch?v=NTLifuwI7Dg": "RARE Jamaican Food!! Cross-Country Jamaican Food Tour!! (Full Documentary)",
    "https://www.youtube.com/watch?v=eZRqgLCJd_E": "100 LAYERS FOOD CHALLENGE || Giant VS Tiny Food For 24 Hours by 123 Go! FOOD",
    "https://www.youtube.com/watch?v=D9yZDOqIt1M": "WORST Food I’ve Tried!! SHOCKING African Tribal Food of the Datoga!!",
    "https://www.youtube.com/watch?v=1SAezMUB8sw": "What is the Best Fast Food PIZZA?? (Tier list - Dominos, Papa John's, Hungry Howie's...)",
    "https://www.youtube.com/shorts/42VlLJ5fcpo": "Big Food VS Small Emoji Food Challenge || Funny Mukbang || TikTok - HUBA #Shorts",
    "https://www.youtube.com/watch?v=-7hzaGya86g": "Eating ONLY KOREAN GROCERY STORE FOOD for 24 Hours! Lotte Mart FOOD TOUR",
    "https://www.youtube.com/shorts/Nn_z42kFHI0": "The ultimate comfort food - Curd Rice 🤎Try Chef Prince's mom easy curd rice recipe today! #shorts",
    "https://www.youtube.com/watch?v=Qs-lvHV371Y": "Calzones But Fast Food",
    "https://www.youtube.com/watch?v=957KcdowAXA": "RAINBOW FOOD vs WHITE AND BLACK FOOD || Eating Food Only In 1 Color For 24 Hours By 123GO! SCHOOL",
    "https://www.youtube.com/watch?v=9vIuMhynx1s": "Try Not To Eat - Family Guy (Peter's Food Truck, Car Panini, Cool Whip) | People Vs. Food",
    "https://www.youtube.com/watch?v=4d_dlvjAE0Y": "Black Food vs Pink Food Challenge - Wolfoo Learns Healthy Habits for Kids | Wolfoo Channel",
    "https://www.youtube.com/shorts/Z1HOg-Ijs04": "Eating only the most popular Indian food for the entire day! #shorts #india #food",
    "https://www.youtube.com/watch?v=I5LSUdcy4AQ": "Ice cream challenge! Red food vs pink food mukbang",
    "https://www.youtube.com/watch?v=FO_0E_hDfvI": "THE BEST SUMMER COOKING HACKS || DIY Food Hacks And Yummy Ideas By 123 GO! Like",
    "https://www.youtube.com/watch?v=0p7rmSC9TrQ": "MANILA CHINATOWN's INSANE STREET FOOD BAZAAR | Street Food Tour in Binondo Manila, Philippines",
    "https://www.youtube.com/watch?v=OzgoJe7lwoY": "Frozen vs. Fast vs. Fancy Food Taste Test",
    "https://www.youtube.com/watch?v=OUVrqNG4d9o": "10 SUMMER FAST FOOD HACKS That Will Save You Money!",
    "https://www.youtube.com/watch?v=ezhtj2mR-BA": "100 Layers FOOD CHALLENGE || 1 VS 10 VS 1000 - Giant VS Tiny Food for 24 HOURS by 123 GO! CHALLENGE",
    "https://www.youtube.com/shorts/BbjSGHbdkbs": "I ate food from the show Stranger Things for the whole day! #shorts #strangerthings #food",
    "https://www.youtube.com/watch?v=VquYZoDQuM4": "NO HANDS vs ONE HAND vs TWO HANDS! Funny FOOD Situations! 100 LAYERS of Food by 123 GO! CHALLENGE",
    "https://www.youtube.com/watch?v=zQ8tvCBavKk": "Italian Chef shows us REAL Italian food!",
    "https://www.youtube.com/watch?v=eBzGjrVpFSc": "We ate Only KOREAN FOOD🔥 |Food Challenge🍛 | We Got Sick🤢🤮|",
    "https://www.youtube.com/watch?v=MvoLzW7C3C4": "IF OBJECTS WERE PEOPLE || Candy is Person! Cool Food Pranks and Funny Tricks by 123 GO! FOOD",
    "https://www.youtube.com/watch?v=Y8PIcsCtA_k": "Food Emoji Food Challenge",
    "https://www.youtube.com/watch?v=VYB5lnw2krM": "THE BEST FOOD HACKS AND TRICKS || Fantastic DIY Food Ideas and Cooking Tricks By 123 GO Like",
    "https://www.youtube.com/shorts/8tSavZrLKUA": "Ice cream challenge! Pink color food vs green food #Shorts",
    "https://www.youtube.com/shorts/-IdqMvoJ2dc": "Food challenge eating show funny so yummy Zhee72 Ep745",
    "https://www.youtube.com/watch?v=pbnxGp-q0b4": "BLUE VS PURPLE GIRL || Eating Only 1 Color Food Challenge by 123GO! FOOD",
    "https://www.youtube.com/watch?v=aS00vsu2pME": "Real Vs Jelly Food Food Challenge | Food Challenge India | Hungry Birds",
    "https://www.youtube.com/watch?v=kBgwbvXRTu0": "Can Mexican Moms Taste The Difference? Real Mexican Food Vs. Mexican Fast Food",
    "https://www.youtube.com/shorts/drv1M4mfQNc": "Cat ChangAn Makes The World's LARGEST Ham Instant Noodles! | Homemade Fast Food | Cat TikTok#Shorts",
    "https://www.youtube.com/shorts/gXIuZG9d8r8": "🍉Cat Makes Double-flavor Watermelon Pot😍(ASMR) | Creative Food Recipes | Chef Cat Cooking #Shorts",
    "https://www.youtube.com/shorts/GTTlG75Y3po": "Fidgets that Look Like McDonald's Happy Meal Food Satisfying Video ASMR! #shorts #fidgets #asmr",
    "https://www.youtube.com/watch?v=mLfdEHbbbXA": "SO YUMMY | THE MOST SATISFYING FOOD VIDEO COMPILATION | TASTY FOOD COMPILATION",
    "https://www.youtube.com/shorts/bEOvPT3WtYc": "I ate English food in London for the whole day! #shorts #london #food",
    "https://www.youtube.com/watch?v=axw6pUqf-FE": "LEVEL 9999 Street Food in TURKEY - MEAT HEAVEN IN ERZURUM + Insane street food in Turkey",
    "https://www.youtube.com/shorts/lVo9KW_G6nA": "I Ate The Food Wrong? (Guess The Food Challenge) #Shorts",
    "https://www.youtube.com/shorts/lUtfozysRfw": "Spicy Food is Best! | TikTok Funny Mukbang ASMR | Eating Spicy food | HUBA #Shorts",
    "https://www.youtube.com/watch?v=uuirJUjKOo0": "Unlimited Keema Chaap Thali In Just 99/- | Unlimited Food In Delhi | Street Food India | Delhi Food",
    "https://www.youtube.com/shorts/zxx6xyWIDJA": "SMALL MEDIUM BIG Emoji FOOD CHALLENGE | Best food Kielbasa Sausage  Mukbang ASMR #Shorts",
    "https://www.youtube.com/watch?v=Yg7QmgmlExY": "REAL FOOD vs RIPOFF FOOD Challenge!",
    "https://www.youtube.com/shorts/Dr6GCYBsjAY": "Italian KFC VS American KFC! (Food Battle) #travel #food #shorts",
    "https://www.youtube.com/watch?v=GVoAXeSYMGs": "1000 LAYERS FOOD CHALLENGE || Giant VS Tiny Food For 24 Hours by 123 Go! FOOD",
    "https://www.youtube.com/watch?v=TrgcIptX1mc": "IF OBJECTS WERE PEOPLE || Food and Makeup Are Alive! Crazy Relatable Situations by 123GO! FOOD",
    "https://www.youtube.com/watch?v=ub1WfnpqXFc": "How to Make Korean Comfort Food \"Tteokbokki\", Spicy Rice Cake - Korean Food [ASMR]",
    "https://www.youtube.com/watch?v=d-b4kQh5pO8": "Tasty Food with Chef Molly and Friends! 🍕 30 Minute Compilation | Bubble Guppies",
    "https://www.youtube.com/shorts/ozUAjbEFZZ0": "Ice cream challenge! Red food vs white color food #Shorts",
    "https://www.youtube.com/watch?v=4l5J7CgcyGg": "CHEESY NUCLEAR FIRE FRIED CHICKEN MUKBANG | 2 X SPICY | ASMR EATING | FOOD CHALLENGE | ASMR FOOD",
    "https://www.youtube.com/watch?v=8blhuQP8SnA": "Big Food VS Small Food Emoji Challenge || ASMR MUKBANG FIRE Noodle & Tteokbokki EATING SOUND",
    "https://www.youtube.com/watch?v=4WFOBRNJFcg": "I Ate Only Fast Food in Disney World, You Should Too",
    "https://www.youtube.com/shorts/T3yPVBLylP8": "Hameed khan food  supers  wow viperine  good   Hameed khan food",
    "https://www.youtube.com/shorts/atonppwp_w4": "food  supers  good  Hameed khan food  vip",
    "https://www.youtube.com/shorts/PBPs_4QDMMo": "Pani Puri😋🤤 | Indian Street Food | GolGappa | Fuchka | Golgappe | Street food #Shorts",
    "https://www.youtube.com/shorts/W56yPfoC57o": "Hameed khan food  supped  viperous  niceness  Hameed khan food wowing 👌👌👌👍👍👍👍🔥🔥🔥🔥🔥🔥",
    "https://www.youtube.com/shorts/I2n46ZOw1l0": "Aloo Samosa   Evening Snacks   Delhi Street Food   Aggarwal’s, Lajpat Nagar, Delhi #FoodVirus",
    "https://www.youtube.com/shorts/Fi6_Ci0S174": "Healthy Fast food point in Mumbai famous for Kulcha #shorts",
    "https://www.youtube.com/watch?v=xI_X0MtTo2c": "Donate Food | Rise Against Hunger | No One Sleeps Without Eating | Food Bank Saharanpur | NGO | SRE",
    "https://www.youtube.com/watch?v=UAMRK33DkW8": "Donate Food | Rise Against Hunger | No One Sleeps Without Eating | Food Bank Saharanpur | NGO | SRE",
    "https://www.youtube.com/watch?v=jsyDXKq9ZjE": "Donate Food | Rise Against Hunger | No One Sleeps Without Eating | Food Bank Saharanpur | NGO | SRE",
    "https://www.youtube.com/watch?v=YghyAkYkCwg": "Donate Food | Rise Against Hunger | No One Sleeps Without Eating | Food Bank Saharanpur | NGO | SRE",
    "https://www.youtube.com/watch?v=pOiuyRzhDNk": "Donate Food | Rise Against Hunger | No One Sleeps Without Eating | Food Bank Saharanpur | NGO | SRE",
    "https://www.youtube.com/watch?v=GmNsBQdPpzc": "Donate Food | Rise Against Hunger | No One Sleeps Without Eating | Food Bank Saharanpur | NGO | SRE",
    "https://www.youtube.com/watch?v=Xd1hJynud-A": "chole bhature, parathas and sabudana vada in jayanagar 4th block | kedias fun food | veg food tuber",
    "https://www.youtube.com/shorts/XIftmyLMpLE": "Newly married couple selling street food #food #foodie",
    "https://www.youtube.com/watch?v=Gx1u7IgTbqw": "Donate Food | Rise Against Hunger | No One Sleeps Without Eating | Food Bank Saharanpur | NGO | SRE",
    "https://www.youtube.com/watch?v=LMVQQXq5yC4": "Donate Food | Rise Against Hunger | No One Sleeps Without Eating | Food Bank Saharanpur | NGO | SRE",
    "https://www.youtube.com/watch?v=-knC_wo0BmM": "Eating only Train Food for 24 Hours | (Howrah-Bikaner) Train Experience | Food Challenge",
    "https://www.youtube.com/watch?v=FWM3VHJL3kE": "*𝐌𝐔𝐆𝐒 & 𝐒𝐇𝐎𝐓𝐒* Food for 24 Hours😋 | My Partner's Café | Food Challenge",
    "https://www.youtube.com/watch?v=NQDom2gxiVc": "Street Food in Peshawar - GOLDEN PULAO Mountain + Charsi Tikka Kabab + Pakistani Street Food Tour!",
    "https://www.youtube.com/watch?v=UpzF28Vx0dw": "Majnu Ka Tilla Food Vlog | Korean Kimchi Restaurant, Laphing | Delhi Food Series Ep-3",
    "https://www.youtube.com/watch?v=qKV2XuXnJWE": "😲 Best Pav Bhaji Comparison in South Delhi ! Delhi Street Food ! Indian Food Vlog Street Food India",
    "https://www.youtube.com/watch?v=767xPIjTm2A": "Vietnam $100 Street Food Challenge!! Best Street Food in Saigon!!!",
    "https://www.youtube.com/watch?v=wcdZ1zvKSpE": "Starbucks Vs Street Food Challenge | Starbucks Food Challenge | Street Food Eating | Viwa Food World",
    "https://www.youtube.com/shorts/bQ3SL18g3_I": "Masala Chowk || Jaipur Strret Food || Jaipur Food Vlog",
    "https://www.youtube.com/watch?v=-lAUdaGWE-o": "Living on FAST FOOD for 24 Hours Challenge | Bangkok Food Challenge",
    "https://www.youtube.com/watch?v=T78dM5yupLA": "Mumbai's Taj Hotel Food Mukbang | Most expensive food I have ever eaten",
    "https://www.youtube.com/watch?v=An6cuIMTgxo": "JAPAN Street Food $100 CHALLENGE in Asakusa, Tokyo! The best Japanese Street Food in Tokyo!",
    "https://www.youtube.com/watch?v=VUKWijexg80": "Eating only FAST FOOD for 24 Hours Challenge | Rimorav Vlogs",
    "https://www.youtube.com/watch?v=brhcmXgOsB4": "Best Unlimited Veg Buffet | Anagha Mirgal | Indian Food | food vlog | Thane Food",
    "https://www.youtube.com/watch?v=Xcj51CBKhjk": "Eating Haldirams Minute Khana for 24 Hours || Easy and yummy food challenge day 😍😋",
    "https://www.youtube.com/watch?v=-UxPe8LGGmc": "Eating Korean Food for 24 Hours 😍 || Korean Food  Challenge",
    "https://www.youtube.com/watch?v=hDBNCLM3pTI": "Unlimited Street Food on 1 Million Subscribers!! | Hussainabad Food Street Karachi, Pakistan",
    "https://www.youtube.com/watch?v=gwo4rrHXXSY": "Best and Famous Street Food of Jamshedpur| | IIT Kharagpur, KhauGali | Jharkhand Food Series",
    "https://www.youtube.com/shorts/z_9y4nEN1P0": "Food Vloggers Exposed🍗😱 | फ़र्ज़ी Food Vloggers😱🤫 #Shorts #TKFShorts",
    "https://www.youtube.com/watch?v=JodaRD6bXXY": "Puri Food Vlog| Pohala Thali, Chena Poda, Khaja, Street Snacks & More  | Odisha Food Series Ep-3",
    "https://www.youtube.com/shorts/3DK6i5xFNUw": "Fake Food Vlogger Ka Pardafas 😱😱😱 OMG | #shorts #nainshorts #youtubeshorts #food #short #foodie",
    "https://www.youtube.com/watch?v=1pCIa2QhxdQ": "Delhi Street Food - Is Food Truck Legal? | #MyMissAnand #ShrutiArjunAnand #NishaTries #CookWithNisha",
    "https://www.youtube.com/shorts/ZKbHbS787ds": "🔥🔥Street Food India Tour🍕🍝Awesome Tasty Street Food🔥💖Delhi Street Food Mumbai Food(4)",
    "https://www.youtube.com/watch?v=bjR7kxjijcw": "😡 EXPOSED !! Worst Food Experience Ever || Noida Street Food",
    "https://www.youtube.com/shorts/Tk8v0zLi-9w": "Yummy Grilled Cheese Sandwich 🥪 | Indian street food | food vlogs india | viral shorts",
    "https://www.youtube.com/watch?v=2VkQcBqp07A": "2nd day | Pindi sey swat Serena Ka safer | tasty Rabi food",
    "https://www.youtube.com/watch?v=78kR_YsBQpQ": "Surat Night Street Food Challenge || Food Challenge || Naveena Vlogs",
    "https://www.youtube.com/shorts/E_P_6L5cofs": "Cheese Burger Of Shimla 🤤 | Street Food | Street Food vlogs | KKSB VLOGS",
    "https://www.youtube.com/watch?v=Rkz8p5eKUgk": "I ate ONLY KERALA FOOD for 24 hours! | Indian food reaction by Netherlands foreigner | TRAVEL VLOG",
    "https://www.youtube.com/watch?v=cpgHWtFPVCg": "Cuttack Food Vlog | 5 Star Breakfast,Pahala Rassagulla,Dahi Bada Aloo Dum| Odisha Food Series Ep-7",
    "https://www.youtube.com/watch?v=97j84c9Of84": "Trying GIANT Food | Food Challenge",
    "https://www.youtube.com/watch?v=8hxw-yGyAyE": "Trying Every SNACKS | Food Vlog",
    "https://www.youtube.com/watch?v=ePS7Q8dBhkQ": "Rs 1000 Street Food Challenge | Indore Food Challenge",
    "https://www.youtube.com/watch?v=ppz4Cciovk0": "My First Vlog | Kanpur Famous Street Food (Part - 1) 😋 Best Food Outlets in Kanpur #foodinkanpur",
    "https://www.youtube.com/shorts/bppW6SpCQqA": "ADAAR ITEMS ❤️ | One minute video | Food Review Malayalam | Food Shorts | Pothi Porotta | #shorts",
    "https://www.youtube.com/watch?v=oHN1QlG6jjY": "Best Non Veg Food in Jaipur | Rajasthani Laal Maas & Junglee Maas, Sethi BarbeQue | Jaipur Food Vlog",
    "https://www.youtube.com/watch?v=rWbHSJrv_JI": "Brahmapur & Puri Sea Beach Food Vlog | Food Capital, New Biryani Centre | Odisha Food Series Ep-6",
    "https://www.youtube.com/shorts/WRa3tNGV3tk": "एकदम शुद्ध Desi Haryane वाली Rabdi Kulfi 😋 | Indian street food | food vlogs india | viral shorts",
    "https://www.youtube.com/watch?v=EYjoXca7UAc": "Eating My Favourite Food in Delhi | Delhi Food Vlog! #KritikaEats",
    "https://www.youtube.com/watch?v=RRJDnhOx_eg": "Cheap vs. Expensive Burger Comparison ! Delhi Street Food ! Indian Food Vlogs ! Burger Review India",
    "https://www.youtube.com/watch?v=F_m21o1zt4w": "Vlog - Eating FROZEN FOOD for 24 Hours Challenge - Lazy SUNDAY Shopping, Workout, Food Challenge",
    "https://www.youtube.com/watch?v=V7yqvKjfvnY": "Serena swat under sey kisi Jannat sey kaam nhi | tasty Rabi food & vlog",
    "https://www.youtube.com/watch?v=fPK0bP1GCvQ": "Chilika Dhaba & Gopalpur Sea Beach Food Vlog | Crab Masala, Seafood, Kebab | Odisha Food Series Ep-4",
    "https://www.youtube.com/watch?v=fQ58G8HoRyQ": "ALPHABETICAL Food Challenge | Delhi Food Challenge",
    "https://www.youtube.com/watch?v=xx1psagzUB0": "विदेशी FOOD VLOG| Lataa Saberwal|Sanjeev Seth| FOOD & TRAVEL VLOGS INDIA |मेरी विदेशी थाली | FOODIES",
    "https://www.youtube.com/watch?v=e9Z9VgtDXdg": "Food Bus Of India || #fbi #Bus food || Rajendra place || Sabby Singh Vlogs",
    "https://www.youtube.com/shorts/E7TTpvyCwbc": "Food Vlogger Kese Pagal Banate hai 😱😱😱😱 | #shorts #nainshorts #food #short #foodie #youtubeshorts",
    "https://www.youtube.com/watch?v=BkiNVPYa5LQ": "King of Poha : 35 Years Old Place of Nagpur | Nagpur Food Vlog | Indian Street Food",
    "https://www.youtube.com/watch?v=wpN8xxa4DPk": "Pandian Stores Food Vlog | Our Production Food | Hema's Diary",
    "https://www.youtube.com/watch?v=WNwCpNrP8c0": "Aavakaya  Andhra Special Food | Mumbai Food Vlog",
    "https://www.youtube.com/watch?v=I9jtjRQAbfE": "KISHORE BHAINA FAST FOOD | ମାତ୍ର ୫୦ ଟଙ୍କାରେ | STREET FOOD BHUBANESWAR | ODIA FOOD VLOG | RKPLIFE",
    "https://www.youtube.com/watch?v=u5KZ-JjsvnM": "BHUBANESWAR DIVINE MEAL | STREET FOOD BHUBANESWAR | STREET FOOD ODISHA | ODIA FOOD VLOG | RKPLIFE",
    "https://www.youtube.com/watch?v=lnrCFt_1smU": "Top Food Places In Trivandrum | KL 01 Food Series Vlog | Meera Anil",
    "https://www.youtube.com/watch?v=VzGbdyhtOUE": "| Newari Food l | Kirtipur | TVS FOOD VLOGS #2",
    "https://www.youtube.com/watch?v=iVKNIEOE_Jk": "Eating in a popular Indian Restaurant in Tokyo, Japan | Food Vlog | Indian Food in Japan",
    "https://www.youtube.com/watch?v=sHQvdTdirRY": "Cheap vs. Expensive Kadai Paneer Comparison ! Delhi Street Food ! Indian Food Vlogs #streetfood",
    "https://www.youtube.com/watch?v=IqHYv9Zh6V8": "Indian Food Vloggers Be Like | Funny Food Vlog Spoof- @Neon Man  @Neon Man 360  | #shorts #comedy",
    "https://www.youtube.com/shorts/1yfX2BYbIsk": "🍕🍝Awesome Tasty Street Food🔥💖Delhi Street Food Mumbai Food(4)",
    "https://www.youtube.com/watch?v=v2Tz9EIZkqw": "VV Puram Food Street👌🍢| Food vlog | Vaishnavi R B",
    "https://www.youtube.com/watch?v=ZsuGwAqLbhs": "Indian Street Food Destroyed Ft Maddy Eats Roast | Food vloggers | EST Entertainment",
    "https://www.youtube.com/watch?v=UiaIrKYwevM": "🇰🇷 CVS Food Challenge | 🖤BLACK FOOD ONLY🖤 | Sidra Riaz VLOGS",
    "https://www.youtube.com/watch?v=gfACdilfhWA": "Turkish delight | Turkish Food | Naaanveshana Food Vlogs",
    "https://www.youtube.com/watch?v=QTJrjupiV2U": "Exploring MATUNGA street food & restaurants | Mumbai Food Vlog",
    "https://www.youtube.com/watch?v=tIl48SmYbaA": "Eating Rs 10,000 FOOD For 24 Hours || Most Expensive Food Challenge",
    "https://www.youtube.com/shorts/DnIYW_bel7A": "Food Vlogger ka Pardafas 😱😱😱😱 OMG | #shorts #nainshorts #youtubeshorts #food #short #foodie",
    "https://www.youtube.com/watch?v=JVuK8tJ08Wo": "Candy & Cherry fight for stray dogs food | Unboxing Dog Food | Ss Vlogs :-)",
    "https://www.youtube.com/shorts/h38RUXq1uYA": "Malabar Biriyani made in വെഞ്ഞാറമൂട് |Food Vlog Malayalam | Food Shorts Malayalam #shorts #trending",
    "https://www.youtube.com/shorts/ELspe5zKUNc": "Sab Ko Food Vlogger Pagal Banate hai 😱😱😱 | #shorts  #nainshorts #youtubeshorts #food #short #foodie",
    "https://www.youtube.com/shorts/xYWYp0ubWL0": "ഉറിയിലെ ചട്ടി ബിരിയാണി from Ponnani | Food Vlog Malayalam | Food Shorts Malayalam #shorts #trending",
    "https://www.youtube.com/watch?v=OUO1pvact44": "Mirchi Maharaj HSR Layout - 299 Unlimited Food In Bangalore | Telugu Food Vlogs | @Kowshik Maridi",
    "https://www.youtube.com/watch?v=rTpDvBmgNJ8": "Food Vlog: Visiting Eid Special Market In Bangalore | Bangalore Mosque Street Food Vlog |",
    "https://www.youtube.com/watch?v=dQn0g_72fXE": "Tasty Telangana Food | Andhra Abbai Food review | Telangana Vlogs | Ravi Telugu Traveller",
    "https://www.youtube.com/watch?v=ZtJOXCWWtbY": "BMS VLOGS - AUTHENTIC CHINESE CUISINE IN BANKURA | HAOCHI | FOOD VLOG | VLOG 26",
    "https://www.youtube.com/watch?v=9HUzrWI2mdg": "AUTHENTIC Maharashtrian Food in a Thane restaurant | Thane Food Vlog",
    "https://www.youtube.com/watch?v=3aFdEmNJEPQ": "EXTREME STREET FOOD IN LAHORE - EP 07 Food Ka Pakistan",
    "https://www.youtube.com/watch?v=Q13bD-y5nUo": "Donna's Pizza Ka Sach 🥴 | UNLIMITED FOOD VLOGGING🤤| #unlimitedpizza  #comedy #food @Vivek Lohar",
    "https://www.youtube.com/shorts/XkFX-Xjx7jk": "Food Vlogger Ka Pardafas 😱😱😱😱 OMG | #shorts  #nainshorts #youtubeshorts #food #short #foodie",
    "https://www.youtube.com/watch?v=HQYgz4yRKy0": "Sharma Dhaba Mangalagiri Vijayawada | Telugu Food Vlogs | Indian Street Food",
    "https://www.youtube.com/watch?v=UZ0S88EsFuI": "Eshanna Egg Rice Davanagere | Davangere Food Vlogs | Kannada Food Review",
    "https://www.youtube.com/watch?v=mciEttF-nEQ": "Food  Gola || Street food || Chicken || Nandu's World || Telugu Vlog || Restaurant||",
    "https://www.youtube.com/watch?v=6P5gghJP9rQ": "packages mall Lahore | food vlogs | food review Lahore | lahore food vlogs | Rabeeta ka kitchen",
    "https://www.youtube.com/watch?v=76YgC-k-wtE": "Street food ன்னா Sowcarpet | 50 ருபாய்க்கே வயிறு நிறைஞ்சிறுச்சு | Food Vlog  | Kathakelu Kathakelu",
    "https://www.youtube.com/watch?v=HDX7ej158gU": "99 Combo || Food aholic || Malda || Kamina Food Vlogs",
    "https://www.youtube.com/watch?v=rAfdiIVVeYE": "American Street Food | Indian Food Vlog | Mirchi Bajji | Indians in USA | Ravi Telugu Traveller",
    "https://www.youtube.com/watch?v=ZpRBpjzeXw4": "EATING SECRET MENU ITEMS AT FAST FOOD RESTAURANTS FOR 24 HOURS!!",
    "https://www.youtube.com/shorts/OfVxt849Mts": "💥Authentic South Indian food | Food vlogs🐝 | Taste of India Süd |🇩🇪🇮🇳#india #germany #shorts",
    "https://www.youtube.com/watch?v=49Zf0qvN98k": "99 Rs. Unlimited Food in Delhi ! Unlimited Buffet Lunch in Delhi ! Indian Food Vlogs",
    "https://www.youtube.com/watch?v=gfqHMRxhqCE": "Trying Discounted Food | Food Vlog",
    "https://www.youtube.com/watch?v=eqRDcjrqhKQ": "Mass food cooking together | USA Food Vlogs | @Multi-talented Telugu Abbayi | Ravi Telugu Traveller",
    "https://www.youtube.com/watch?v=9yO-5e0xC1U": "Cheapest Breakfast In Chennai | Food Vlogs | Food Review Tamil | aachi namma kitchen",
    "https://www.youtube.com/shorts/-4klsWG6WTg": "Food Vlogger ka Pardafas 😱😱😱😱 OMG | #shorts #nainshorts   #youtubeshorts #short #foodie #food",
    "https://www.youtube.com/watch?v=s5VIWO_JXu0": "Famous Davanagere Benne Paddu | Davanagere Food Vlogs | Kannada Food Review",
    "https://www.youtube.com/watch?v=WRC_Y2-3pJo": "Assam's Hidden KFC Style Restaurant || MFC || Moran Food Vlog || Assamese Food Vlog || Unique Food",
    "https://www.youtube.com/watch?v=LQkkg1B-RtM": "Barbeque Nation Unlimited Buffet Lunch Dinner !  Unlimited Food in Delhi ! Indian Food Vlogs",
    "https://www.youtube.com/shorts/1ZsfYyjFfEI": "Duronto Express Food (Non Veg) 🙄 | Train Food | Indian Railways Food |Food vlogs India |viralshorts",
    "https://www.youtube.com/watch?v=z8Q0YQIPUFA": "VADODARA FAMOUS STREET FOOD VLOG | BHAI BHAI DABELI WALA | PYARELAL KACHORI WALA | TASTY VADAPAV",
    "https://www.youtube.com/watch?v=X4gnnZC2uQs": "Father’s Day spl lunch with friends |  USA Telugu food vlogs | Italian Food | Ravi Telugu Traveller",
    "https://www.youtube.com/watch?v=bhTT81vaIY0": "30 RUPEES CHICKEN LEG PIECE IN BHUBANESWAR ||FAMOUS STREET FOOD VLOG||ODIA FOOD VLOG||BADA BHOKILA",
    "https://www.youtube.com/shorts/pKK3ItSXess": "Food Vlogger ka Pardafas 😱😱😱😱 OMG | #shorts #nainshorts  #youtubeshorts #foodie #short #food",
    "https://www.youtube.com/watch?v=OsMQvdWw2-A": "Cheap vs. Expensive Chole Bhature Challenge ! Chole Bhature Comparison Street Food Indian Food Vlogs",
    "https://www.youtube.com/watch?v=HuU4-G21uCU": "Lebanese Restaurant | Mediterranean style Food  | USA Lebanon Food Vlogs | Ravi Telugu Traveller",
    "https://www.youtube.com/watch?v=afbS3yyxobE": "62 Yeas OLD Food Point Lahore ki Famous Waris Nihari | Lahore Vlog | Street Food | Androon Lahore",
    "https://www.youtube.com/watch?v=hIJ1Aj7hlVE": "Street food in Lima Peru | Traditional local food | Telugu Food Vlogs | Ravi Telugu Traveller",
    "https://www.youtube.com/watch?v=qGe0G0mejL0": "Famous Street food in Jorhat/21 Rupees poori sabji /Assamese food vlog/Dhruva j kalita",
    "https://www.youtube.com/watch?v=R3ObcYhE3n0": "Street Food in Old City | Israel Food Vlogs | Midnight with Police | Ravi Telugu Traveller",
    "https://www.youtube.com/watch?v=BXwGTmbn0m4": "KFC AND MC.D CROSS BREED || Telugu Food Vlogs from China || Vinod Vlogs from China || Food Vlogs",
    "https://www.youtube.com/watch?v=_RDpuT5ekek": "UNLIMITED INDIAN VEG FOOD | Revival Indian Thali | Anagha Mirgal | Food Vlog | Thane Food",
    "https://www.youtube.com/watch?v=-prpN_Wr-J0": "IIT Roorkee Mess Food | IIT Hostel Mess | Hostel Food Tour | Food Vlog | 2021",
    "https://www.youtube.com/watch?v=ott6-WpA-qo": "Little India in USA | Los Angeles Indian Street food | Indian Food Vlogs | Ravi Telugu Traveller",
    "https://www.youtube.com/watch?v=9JSLtsdVUJ8": "MTR Ready to Eat Food Review ! MTR Review ! Delhi Street Food ! Indian Food Vlogs #streetfood",
    "https://www.youtube.com/shorts/oGIWls60KdA": "Food vlogs || Sanjjanaa Galrani || banglore food hunt || #shorts",
    "https://www.youtube.com/shorts/bEs0_GHBrc0": "Food Vlogger ka Pardafas 😱😱😱😱 OMG | #shorts #nainshorts #foodie #youtubeshorts #short #food",
    "https://www.youtube.com/shorts/IXgF-xQc1eA": "YouTube India TROLLS Food Vloggers 😂 | Food Vlogs Shorts Roast Facts | #shorts",
    "https://www.youtube.com/watch?v=2kylCV6Khxg": "Authentic Bengali food | A Family food exploration trip and Vlog  | Food Vlogs",
    "https://www.youtube.com/watch?v=q_R6ATLDvHU": "Picking Guava For Eating Hot Chili | Guava Eating | Sros Yummy Cooking Vlogs",
    "https://www.youtube.com/watch?v=11Lb4ka5GzY": "Old Delhi Street Food - Bedmi Poori - Khasta Kachori ! Chandni Chowk Food ! Indian Food Vlog",
    "https://www.youtube.com/watch?v=TiE0B-71uCI": "200₹ Food Tour | One day at JP Nagara Covering 5 Eateries | Breakfast, Lunch & Snacks | Monk Vlogs",
    "https://www.youtube.com/shorts/-yJU_kVX0NU": "Kon kheta hai 🧐😂 | Food Vlogs | Hisar Street Food | #shorts #youtubeshorts #trending",
    "https://www.youtube.com/watch?v=kh0RebkV6Co": "Mongolian food surprise for Anou | USA Telugu Food Vlog | Family Vlogs  | Ravi Telugu Traveller",
    "https://www.youtube.com/watch?v=8_3hCKVBNBU": "Best Non Veg Restaurants In Chennai | Food Vlogs | Food Review Tamil | Akila Kannan Vlogs",
    "https://www.youtube.com/shorts/SUr40oPgjoU": "Food Vlogger Ka Pardafas 😱😱😱😱 OMG | #shorts #nainshorts #youtubeshorts #foodie #short #food",
    "https://www.youtube.com/watch?v=e3aPpcVsXd8": "Mehrauli Ke Famous Chole Bhature Comparison ! Delhi Street Food ! Indian Food Vlogs",
    "https://www.youtube.com/watch?v=Ddn8fz1vek8": "कुछ भी खाओ 5 रुपया में 😱 | Best Street Food Mumbai | Mumbai Street Food | Street Food Mumbai",
    "https://www.youtube.com/shorts/ztEwn_UyyAs": "USA Food Vlogs❤️ #food #foodie #teluguvlogs #foodvlog #teluguvlogsfromusa #usa#melodymocktail",
    "https://www.youtube.com/shorts/1xEGQYtmDhk": "Em food 🥘 ra babu #melodymocktail #teluguvlogsfromusa #food #tampa #florida #usa",
    "https://www.youtube.com/watch?v=Rk4Lt5-Jhgw": "Indian Reaction On Punjab University Lahore Food | Street Food | RHS Food Vlogs | Sidhu Vlogs",
    "https://www.youtube.com/watch?v=WQSmz1uompk": "Pandian Stores Shoot-ல இதுதான் எல்லாரும் சாப்புடுவோம் | Production Food Vlog |  #swiggy #food",
    "https://www.youtube.com/watch?v=CCdBpxnnNVU": "cheapest bucket Biryani in Chennai | Chicken Biryani | Food Vlogs | Food Review Tamil | VIP Biryani",
    "https://www.youtube.com/watch?v=wGTQpASFKV4": "what i eat in seoul: shake shack, delivery food, kbbq, etc (food vlog)🍗🍔",
    "https://www.youtube.com/shorts/gOvYqQSCX-Q": "Food Vlogger ka Pardafas 😱😱😱😱 OMG | #shorts #nainshorts #short #youtubeshorts #foodie #food",
    "https://www.youtube.com/watch?v=zt0GJyHCK14": "[Korea & China Couple] LA Traveling VLOG🌸 | but more like food Vlog | Beijing cuisine | bar date🥂",
    "https://www.youtube.com/watch?v=Rp9fSbPClts": "Expensive Food Vs Cheap Food - Part 2 | RS 1313 FOODIE | Ramneek Singh 1313 | RS 1313 VLOGS",
    "https://www.youtube.com/watch?v=zuYv7s5_1DQ": "Under Rs. 50 - Tasty street food options Ft. Dilsefoodie Official",
    "https://www.youtube.com/shorts/fRcU1NzL3CU": "Food Vlogger ka Pardafas 😱😱😱😱 OMG | #shorts  #nainshorts #youtubeshorts #foodie #short #food",
    "https://www.youtube.com/shorts/ICvUX9lwPRY": "Food Vlogger ka Pardafas 😱😱😱😱 OMG | #shorts #nainshorts  #youtubeshorts #foodie #food #short",
    "https://www.youtube.com/shorts/2-PGlyrG1Z0": "Food Vlogger Ka Pardafas 😱😱😱😱 OMG | #shorts #nainshorts #youtubeshorts #foodie #short #food",
    "https://www.youtube.com/shorts/n8OsVDC9Zew": "Bread omelette || Anna Nagar street food || Praveen's Food Vlogs",
    "https://www.youtube.com/shorts/JxGbtWgEs7E": "Food Vlogger ka Pardafas 😱😱😱😱 OMG | #shorts #nainshorts  #youtubeshorts #foodie #short #food",
    "https://www.youtube.com/shorts/0A7ZR7DENyk": "UP me food vlogging krna muskil #shortsindia #uttarpradesh #food #foodvlog",
    "https://www.youtube.com/shorts/5LVH0sxXCwE": "Food Vlogger ka Pardafas 😱😱😱😱 OMG | #shorts #nainshorts  #youtubeshorts #foodie #short #food",
    "https://www.youtube.com/shorts/_LhFdvpheA8": "Homemade Yummy Bhelpuri Khao😋😊👍  #sanviralvlogs #trending #food #yummyfood #shorts",
    "https://www.youtube.com/shorts/f7FurJ-BgiQ": "Food Vlogger ka Pardafast 😱😱😱 | #shorts , #food  #nainshors , #foodvlog , #nainvlog #foodie",
    "https://www.youtube.com/watch?v=3PCORvIcrEk": "Weird Indian Food Vloggers | Food YouTubers needs to be stop | #shorts | TriggeredDost",
    "https://www.youtube.com/watch?v=e2RMhic5j8I": "Healthy Food Vs Junk Food Eating Challenge | Hair Care Tips | SMBros Vlog And Cooking",
    "https://www.youtube.com/shorts/V1pTJ7P1wiU": "Food Vlogger ka Pardafas 😱😱😱😱 OMG | #shorts  #nainshorts #youtubeshorts #foodie #short #food",
    "https://www.youtube.com/shorts/zZX5C4QThos": "Selling Veg Momos Favourite food #explore #foodie #viral #food #vlogs #shortsb #streetfood #video",
    "https://www.youtube.com/watch?v=9W2ecEVet7Y": "Best Executive Thali Comparison ! WORTH OR NOT ? Delhi Street Food ! Indian Food Vlog",
    "https://www.youtube.com/shorts/2dTozZOmDZw": "Softy Ice cream खाइए गर्मी दूर भगाइए 😋 | Indian street food | food vlogs india | viral shorts",
    "https://www.youtube.com/watch?v=qcvTp3Ng5y8": "Unlimited Food in Delhi @ 399 Rs. (2 Person) Unlimited Buffet Lunch in Delhi ! Indian Food Vlog",
    "https://www.youtube.com/watch?v=0WAtGLDh8T0": "Unlimited Food Buffet Lunch Dinner at Pirates of Grill ! Unlimited Food in Delhi ! Indian Food Vlogs",
    "https://www.youtube.com/shorts/-Ta0k3yVOYY": "shorts# viral# food# vlogs# traveling# mast# food# tasty#  travel# viral# shorts#",
    "https://www.youtube.com/watch?v=j88Dkq9xHzE": "Pranking My Husband For 24 hour With Fast Food VS Home Cooked Meals!!",
    "https://www.youtube.com/shorts/2e4pz190Dq8": "YUMMY FOOD VLOG || #vlogs #foodvlogs #food #foodvlogger #foodvlogsindia #streetfood #india #trending",
    "https://www.youtube.com/shorts/1Uknc31E0zA": "Indian Street Food Rolls | Kolhapur Street Food | Delicious Indian Street FOOD",
    "https://www.youtube.com/shorts/WySkExB__Kk": "YUMMY FOOD VLOG || #vlogs #foodvlogs #food #foodvlogger #foodvlogsindia #streetfood #india #trending",
    "https://www.youtube.com/watch?v=XHQdnqsOIHU": "GURUGRAM LUNCH | EXPLORE FOOD | FOOD VLOG | YUMMY fOOD | #foodvlog #mitrotimes #yummyfood",
    "https://www.youtube.com/shorts/gAzSArCNhec": "Vlog with Yusra Lajpat Nagar Food Bus Delhi Metro | Bus restaurant | snacks | reasonable and Tasty.",
    "https://www.youtube.com/watch?v=Utwl61n_y9o": "morning breakfast selling man in street | famous food| indian street food",
    "https://www.youtube.com/shorts/53i639fcDvg": "#rice #food #shorts#food #shorts @ food kolkata#food vlogs👉 #food recipes 👈 #Bengali food",
    "https://www.youtube.com/shorts/T3ByfuPWeaI": "#fastfood chaumin #fast food vlogs",
    "https://www.youtube.com/shorts/P82TCicQNA8": "#food #foodie #foodvlog #indiafood #short #short #viral #tiktok #foodblogger #food #vlog #vlogs",
    "https://www.youtube.com/watch?v=Lgs8n-uwt5U": "Skeleton meme😂 Indian food vlogger roasted🤣 @Indian Food Vlogs  #skeletonmemes  #foodblogger"
}