{
    "https://www.youtube.com/watch?v=nFn50Zl2cvs": "Dog Reactions: Surprises & Scares Caught On Camera! | Pets Island",
    "https://www.youtube.com/watch?v=F491w7BLDvk": "Funny Animal Videos 2022 😂 - Funniest Cats And Dogs Videos 😺😍 #17",
    "https://www.youtube.com/watch?v=o2Z4XX68xBI": "Funniest Dogs That Will Put You in Happy Mood | Pets Island",
    "https://www.youtube.com/watch?v=SLHf7HB9QdY": "Digito Gets INFINITE PETS in Pet Simulator X..",
    "https://www.youtube.com/watch?v=67K22I53EQ8": "CELEBRITIES SHOW THEIR CUTE PETS",
    "https://www.youtube.com/watch?v=Ebrp_VSInls": "BEST PET GADGETS AND HACKS EVERY PET OWNER SHOULD KNOW",
    "https://www.youtube.com/watch?v=LQTvS7CPDxE": "Pets song for Kids | Care for Pets song for Children | I love my Pet",
    "https://www.youtube.com/watch?v=9WM0GG27oo8": "Blippi Pets Cute Animals in the Shelter! | Educational Videos for Kids",
    "https://www.youtube.com/watch?v=RQkWvoES_uQ": "AWW Animals SOO Cute! Cute baby animals Videos Compilation cute moment of the animals #7",
    "https://www.youtube.com/watch?v=mXC4uylKtG4": "All of My Pets in ONE Video 2022 (I have over 30 pets!?) 🙈 | EMZOTIC",
    "https://www.youtube.com/watch?v=At9-pvifL5s": "AWESOME HACKS FOR PET OWNERS || Cute DIYs, Fun Toys and Useful Gadgets",
    "https://www.youtube.com/watch?v=HxuljIFA8vU": "Pet Simulator X VS Pet Simulator Z!!",
    "https://www.youtube.com/watch?v=VHQ2hFrz8lM": "We Build Secret Rooms for 4 Elements' Pets! I Bought a Pet Shop",
    "https://www.youtube.com/watch?v=mHirLM_6EM8": "AAYU KE RABBITS | Types of kids with pets Pet lover Pet care | Aayu and Pihu Show",
    "https://www.youtube.com/watch?v=nbfWVn9waM8": "Cute Babies Playing With Dogs Compilation | Funny Baby And Pets",
    "https://www.youtube.com/watch?v=93U4fvaIYCU": "Learn Names of Pets for Kids - Pet Animal Names and Sounds for Children, Kindergarten and Preschool",
    "https://www.youtube.com/watch?v=HbAiW_agLAE": "APNA PET AAYEGA | Short Movie Funny Cute Pets | Moral Story for Kids Aayu and Pihu Show",
    "https://www.youtube.com/watch?v=m6A7end34KQ": "FUNNIEST PETS & CUTE ANIMALS Videos Ever! 🐶",
    "https://www.youtube.com/watch?v=40h6BKqJOMc": "Keep Your Pets Safe! *Viral Gadgets and Hacks For Happy Cats and Dogs*",
    "https://www.youtube.com/watch?v=SnBrSSbuskY": "Dog of the Weekend: Emma at Austin Pets Alive! | FOX 7 Austin",
    "https://www.youtube.com/watch?v=HoLxK24GzE8": "Funny Dogs - Hilarious Reactions! (Try Not to Laugh Challenge) | Pets Town",
    "https://www.youtube.com/watch?v=vBOec1M078I": "Daily PET routine | 35 pets",
    "https://www.youtube.com/watch?v=2lpYq8WAMVw": "How to Sneak Pets onto the Beach? Funny Pet Pranks And Hacks",
    "https://www.youtube.com/watch?v=ATVxyZ5SeuM": "15 अगस्त  | UPSSSC PET 2022  महा मैराथन All Subject का निचोड़ UPSSSC PET 2022 | UP PET Marathon Class",
    "https://www.youtube.com/watch?v=3TqXuXcinZk": "9 FUNNY ways to SNEAK PETS into the HOSPITAL! Awesome Pet Sneaking Ideas by GOTCHA!",
    "https://www.youtube.com/watch?v=rLZ5aVNxV84": "The Secret Life of Pets - You Know Tiny Dog? Scene (6/10) | Movieclips",
    "https://www.youtube.com/watch?v=oPclAk1EidM": "Vlad and Mom exchanged cat and dog pets",
    "https://www.youtube.com/watch?v=QCxJbct4cjQ": "Rich VS Broke Pet Owners *Viral TikTok Gadgets for Cats and Dogs*",
    "https://www.youtube.com/watch?v=u7KAtzotgTs": "I Got MORE EXCLUSIVE CODES In Pet Simulator X And Got THESE HUGE PETS!",
    "https://www.youtube.com/watch?v=F12dtwcGDcA": "APNA PET AAYEGA Part 2 | Short Movie Funny Cute Pets Moral Story | Aayu and Pihu Show",
    "https://www.youtube.com/watch?v=wuD8nzb-DwI": "Funny Dog Videos: Pets That Are Just Too Stupid | Pets Town",
    "https://www.youtube.com/watch?v=IsHYYvr3G_8": "Dogs Grow Up - i'm a big kid now Baby to Adult Dogs #43",
    "https://www.youtube.com/watch?v=MKSaPNU0p0g": "Funny Animal Videos 2022 😂 - Funniest Cats And Dogs Videos 😺😍 #15",
    "https://www.youtube.com/watch?v=j27wcRoYB9c": "Dog Reaction to Cutting Cake 🤣  - Funny Dog Cake Reaction Compilation | Pets House",
    "https://www.youtube.com/watch?v=KuyCkOA_2X8": "I Bought Infinite Pets Equipped And Something Crazy Happened! - Pet Simulator X Roblox",
    "https://www.youtube.com/watch?v=9Rw090CLrGo": "Ways to Sneak Pets into Jail | Funny Pet Pranks by Multi Do",
    "https://www.youtube.com/watch?v=B4_eJQno5U0": "If People Acted Like DOGS - How to SNEAK PETS Home | Funny Awkward Relatable Situation by La La Life",
    "https://www.youtube.com/watch?v=TWZ6jTA7SAs": "GIVEAWAY Hardcore PIXEL Pets In Pet Simulator X | Roblox FaZmash",
    "https://www.youtube.com/watch?v=0taJbtLUYac": "The Secret Life of Pets 2: Crazy Cat Lady goes shopping",
    "https://www.youtube.com/watch?v=PcDG_Y7ws9Q": "The Secret Life of Pets: What do pets do when we leave? (HD CLIP)",
    "https://www.youtube.com/watch?v=ZJT6Lrone2o": "15 Cute Exotic Animals You Can Own as Pets",
    "https://www.youtube.com/watch?v=u6HHla9ApmI": "The Secret Life of Pets 2 - Cat Lessons Scene (4/10) | Movieclips",
    "https://www.youtube.com/watch?v=YrS6Jcq9zqY": "Why Is Your Pet Better than Me?: Crying French Bulldog, Guitar-Playing Cat | The Tonight Show",
    "https://www.youtube.com/watch?v=bxBvBQVpL2o": "We Build Secret Rooms for Pets! I Bought a Pet Shop",
    "https://www.youtube.com/watch?v=Y-EcxmORDFs": "Pet Song - Do You Have A Pet | Animal Song | Family Pets | Baby Songs & Nursery Rhymes | Cartoons",
    "https://www.youtube.com/watch?v=JnuYlFhXWsU": "The Secret Life of Pets 2 - Dog vs. Cats Scene (5/10) | Movieclips",
    "https://www.youtube.com/watch?v=pmtBKRiSCjo": "The Funniest and Most Obedient Dogs You'll Ever See! | Pets Town",
    "https://www.youtube.com/watch?v=D_pQhj8ajV4": "Trading Hardcore PIXEL Pets In Pet Simulator X | Roblox FaZmash",
    "https://www.youtube.com/watch?v=X2MBsP908_o": "I was BANNED from Pet Simulator X after hatching TONS of Huge Capybara Pets..",
    "https://www.youtube.com/watch?v=stEvbpspGGI": "Gossiping Pets | Pets Translated",
    "https://www.youtube.com/watch?v=opdX3P3Z3Ew": "How To Get INFINITE HUGE PETS EQUIP in Pet Simulator X.. (Pet Sim Z)",
    "https://www.youtube.com/watch?v=baqRJLpyOtU": "Jannie and Ellie Lost Their Pet Dog | Kids Look for Their Dogs Animal Story",
    "https://www.youtube.com/watch?v=Dn1rS3tcANM": "Pets Day Compilation! | Jaya's Dog & more! | emojitown",
    "https://www.youtube.com/watch?v=9a7v8pXzlf0": "Pet Vet ( Cat Animal Shelter Builder )",
    "https://www.youtube.com/watch?v=bEkT3whPWxI": "Hilarious Dog Reactions To Crazy Stuff Going On Around Them! | Pets Island",
    "https://www.youtube.com/watch?v=l_51NIzo1gI": "Cute Pets | Mr Bean | Cartoons for Kids | WildBrain Kids",
    "https://www.youtube.com/watch?v=iC-oxIfN9nM": "Pet Simulator X - SPENDING ONE BILLION GEMS for EXCLUSIVE PETS - Roblox",
    "https://www.youtube.com/watch?v=yQXwimZxDbQ": "NEW HOOT PET ABILITY TEST IN FREE FIRE | HOOT PET SKILL - GARENA FREE FIRE",
    "https://www.youtube.com/watch?v=gI6HsRQc_oQ": "🔴LIVE🔴  900B - 2T HARDCORE PETS GIVEAWAYS PET SIMULATOR X",
    "https://www.youtube.com/watch?v=Zwokh06fVi4": "🔴 ROBLOX LIVE! | Pet Simulator X HARDCORE PIXEL PETS GIVEAWAY!!",
    "https://www.youtube.com/watch?v=0IeZvfConME": "NINAKAW KO YUNG PETS ni @LaminZu | MUNTIK NA MAG SUNTUKAN | PET SIMULATOR X - Roblox",
    "https://www.youtube.com/watch?v=5Il6PRnk-9A": "I Use INFINITE EXCLUSIVE PETS in Pet Simulator X..",
    "https://www.youtube.com/watch?v=SOzzsKW16eo": "Rich Dog vs Poor Dog! Building Secret Rooms for Pets!",
    "https://www.youtube.com/watch?v=OIGBauy-M1c": "Funny Dogs Acting Strange - Cute But Angry | Pets House",
    "https://www.youtube.com/watch?v=3fkClwAoKS0": "*NEW* Pet Simulator Z Is BACK with FREE EXCLUSIVE PETS!",
    "https://www.youtube.com/watch?v=SEIKDRQ8ooM": "\"What're You Looking At?\" - Dogs Reacting To Seeing Themselves In The Mirror | Pets Island",
    "https://www.youtube.com/watch?v=Afeed1gsp_g": "ПЕРВЫЙ В МИРЕ ВЫБИЛ HARDCORE HUGE PIXEL CAT? PET SIMULATOR X В РОБЛОКС! ROBLOX",
    "https://www.youtube.com/watch?v=roNOe0jmXRM": "All Pets VALUE List In Adopt Me 2022! Roblox Adopt Me Update New Pets Trading Values",
    "https://www.youtube.com/watch?v=59cOsEQD8xc": "*NEW* HARDCORE UPDATE IS HERE! HARDCORE WORLD, PETS, FREE GIFTS + HOVERBOARDS! (Pet Simulator X)",
    "https://www.youtube.com/watch?v=nZTnzdjzm8Q": "🔴LIVE🔴 Roblox Pet Simulator X Free OP Hardcore Pet Live Giveaway",
    "https://www.youtube.com/watch?v=jtGA-bdy7As": "Shave Pets Hair ! Pet Groomer On The Go - Video",
    "https://www.youtube.com/watch?v=nRa4CHWG_30": "Spending 100,000 Robux To Get INFINITE PETS In Pet Simulator",
    "https://www.youtube.com/watch?v=HAdeEGwPGoY": "*NEW* HARDCORE PETS are HACKED AND GLITCHED in Pet Simulator X (Roblox)",
    "https://www.youtube.com/watch?v=ewIX1QleagQ": "TRADING the 5 RAREST PETS in Pet Simulator X...",
    "https://www.youtube.com/watch?v=Immbjfns5R8": "Hilton. For The Stay. | Traveling With Pets | Fur Babies",
    "https://www.youtube.com/watch?v=zb_wbwZdsTA": "Adopt Me PETS ARE DYING!! DREAM PETS ARE GONE?! *NEW* Update Pets Die in Adopt Me!! Prezley",
    "https://www.youtube.com/watch?v=DRiAMCl8ERU": "UnBox LEGENDARY Pet Toys... or Give Away Huge Pets! (Pet Simulator X)",
    "https://www.youtube.com/watch?v=z-YqGKQTdkw": "Noob Gets INFINITE PETS in Pet Simulator X..",
    "https://www.youtube.com/watch?v=q2Lf9LBjEU4": "I Swapped HUGE PETS And BASICS To FOOL My Sister In Pet Simulator X!",
    "https://www.youtube.com/watch?v=RR8mwqMxhxw": "Hatch the MOST HUGE Pets in Pet Simulator X or GIVE THEM ALL AWAY!",
    "https://www.youtube.com/watch?v=d-iVMpy-9BA": "LOL Fuzzy Pets FULL CASE LOL Dolls Find Their Pets Will They All Get One?",
    "https://www.youtube.com/watch?v=Z90PPaBmQZc": "🥳 Pet Simulator X *SECRET CODE* Gives FREE HUGE PETS",
    "https://www.youtube.com/watch?v=fmayh1zADlY": "Opiest Pet Ever | Small Update On Pet Simulator Z",
    "https://www.youtube.com/shorts/kt28iZ6dPq0": "BLACK 💀 😍 | Wayanadan pets and vlogs  #shorts #black #dog",
    "https://www.youtube.com/watch?v=dtDNDgcjSPI": "I CAN'T STOP hatching HUGE PONY PETS in Pet Simulator X!",
    "https://www.youtube.com/watch?v=2JE5gbw1QgE": "Noob With BEST PETS BEATS Pet Simulator X!",
    "https://www.youtube.com/shorts/R85gh_4zW4k": "Pet must-have? 🤔 Link in Comments. #amazonhaul #amazonfinds #pets #amazon #fyp",
    "https://www.youtube.com/watch?v=tGint9jAKjc": "The Secret Life Of Pets 2 | New Adventures For The Pets | Extended Preview",
    "https://www.youtube.com/watch?v=9_rwG-8CQyA": "Whoever Hatches THE MOST Huge Pets, Wins EVERYTHING in Pet Simulator  X!",
    "https://www.youtube.com/watch?v=o0wI7JexHH8": "Biggie Pets DOGS ! LOL Surprise Mom + Color Change Baby Animals Blind Bags",
    "https://www.youtube.com/watch?v=Vq1ALJU-HZs": "Cute Pets Do Laundry ( Simulator Game )",
    "https://www.youtube.com/watch?v=OutDfNKt464": "He Traded Me INSANE HARDCORE PETS IN PET SIMULATOR X!",
    "https://www.youtube.com/watch?v=wW4ebnK9oaU": "I Found The Pet Simulator Z Secret Link with FREE PETS! (UPDATED) 😱",
    "https://www.youtube.com/watch?v=ca4u3mHehyk": "I Used 10 Computers to get the MOST HUGE PETS EVER in Pet Simulator X!",
    "https://www.youtube.com/watch?v=J6_8mTQYZGw": "🌈✨ Vuelven las VIP Pets 🌈✨ ESTRENO 🤩 NUEVA Temporada 💖 VIP PETS 🌈 DIBUJOS ANIMADOS en ESPAÑOL",
    "https://www.youtube.com/watch?v=6x8HrTQ2xHg": "😲NEW Hardcore Pets Coming To Pet Simulator X",
    "https://www.youtube.com/shorts/_DOm4Gj6wHs": "121. Puppy 🐶 meditation 🧘‍♂️ #pet #pets #shorts",
    "https://www.youtube.com/watch?v=u1ygdhb4Qbk": "Pool maze for cute Hamster - playground for pets in real life",
    "https://www.youtube.com/watch?v=kAp-hBUSNWU": "Klub VIP Pets 😎 VIP PETS 🌈 NOWA SERIA 💕 PREMIERA ✨ Bajki dla DZIECI po POLSKU",
    "https://www.youtube.com/watch?v=SBBUR-GI_4w": "This Pet Simulator Clone Game Let's You SELL PETS FOR ROBUX!?",
    "https://www.youtube.com/watch?v=XiygGM-m2aY": "TRZYMAJCIE SIĘ, PRZYJACIELE VIP PETS! 🌟🎆 VIP PETS 🌈 SALONIE F&F 💇🏼 NOWY Odcinek 🥰 Po POLSKU",
    "https://www.youtube.com/shorts/7ftBTC-2uk4": "pigeon muko and gola cute na 🥰#viral #pigeon #pets #shorts #tiktok #trending #animal #ytshorts #love",
    "https://www.youtube.com/shorts/S5TlNpmPiR4": "✨Cat care routine✨ #cat #short #ytshorts #cutecat #petlover #pets",
    "https://www.youtube.com/watch?v=dQhjiOeUq24": "Vlad and Mom exchanged cat and dog pets - new episode for children",
    "https://www.youtube.com/shorts/FJIgvDIy_g0": "Best amazing little dogs vedeo in 2022.😊😊😊#shorts #cute",
    "https://www.youtube.com/watch?v=xRYg9948ba4": "I want to tame this Dog|| Pets vlog",
    "https://www.youtube.com/watch?v=VIsC3oKMJbc": "Pet Guide with Lobo | 100 % Pure Breed Pets Cost | LOBOGRAM Episode 22 | Lobo",
    "https://www.youtube.com/watch?v=hsWAb3v5K4M": "NEW FAMILY MEMBER | Apna pet aagaya | Short movie of our pets | Aayu and Pihu Show",
    "https://www.youtube.com/watch?v=q4m0ZSUrcu0": "Pets Tour ( Meet All My Pets ) | Simbaa Vlogs",
    "https://www.youtube.com/watch?v=Huv2FPEuxRE": "Funny Animal Videos 2022 😂 - Funniest Cats And Dogs Videos 😺😍 #16",
    "https://www.youtube.com/shorts/t3u_Quq5QN4": "#comedy #love #cat #india #kitten #views #viral #like #reels #youtubeshorts #pets #videos",
    "https://www.youtube.com/shorts/0O0hRCl_noY": "Funny animals videos | cute pets video | try not to laugh | pets lovers",
    "https://www.youtube.com/shorts/UoCJHe97FJI": "Funny animals videos | cute pets video | try not to laugh | pets lovers",
    "https://www.youtube.com/shorts/puZoedmgA1w": "Funny animals videos | cute pets video | try not to laugh | pets lovers",
    "https://www.youtube.com/shorts/imN8IMqWIqg": "Funny animals videos | cute pets video | try not to laugh | pets lovers",
    "https://www.youtube.com/shorts/0EtsrolO5gI": "Bella #shorts #animals #cute #funny #pets #video #sub #new",
    "https://www.youtube.com/shorts/vzOdmBOKbnc": "Funny animals videos | cute pets video | try not to laugh | pets lovers",
    "https://www.youtube.com/shorts/mbypL6OIL_g": "Cute Animal Rabbits as Pets Video | Rabbit Farming in India | Indian Rabbit | ढेर सारे खरगोश",
    "https://www.youtube.com/shorts/ZKI1Ig-qlX4": "Funny animals videos | cute pets video | try not to laugh | pets lovers",
    "https://www.youtube.com/shorts/DISodWvIADA": "Funny animals videos | cute pets video | try not to laugh | pets lovers",
    "https://www.youtube.com/watch?v=_EQ6Vl1_oTU": "Funny Dogs And Cats of TikTok 😮 Angry Pets Videos 😱",
    "https://www.youtube.com/watch?v=DuwzNC5UvfY": "Funny Baby Playing With Dog Compilation - Cute Baby and Pets Video",
    "https://www.youtube.com/watch?v=EBkn8uqdt7Q": "Too Much Funny Pets Videos | क्यूट डॉग | Hindi Dubbing | Pet Lovers Tv",
    "https://www.youtube.com/watch?v=BBqhz6ObIrw": "MY PETS VLOG ||SHIHTZU||GERMAN SHEPHERD||ROTTWEILER||PERSIAN CATS",
    "https://www.youtube.com/watch?v=8XKmAkF8C-U": "Cute SMILING Dogs | Funny Pets Video Compilation",
    "https://www.youtube.com/watch?v=pmAdxoIJrwc": "🔥All My Pets in One Video | DRK Pet  Zone Tour 2021 |",
    "https://www.youtube.com/watch?v=zvRJqeYbSkQ": "Wedding Pets | Funny Pets Video Compilation",
    "https://www.youtube.com/watch?v=LLPMP8DMfag": "The Ultimate Jealous Pets Compilation: Funniest Pets Videos 2021",
    "https://www.youtube.com/shorts/7UhuDE8KRng": "Pigeon Attitude//Tasin Pets Vlog//Like And Subscribe #shorts #new #pets #vlogs July 2022",
    "https://www.youtube.com/watch?v=MiWmZP0qwOg": "The Ultimate Jealous Pets Compilation: Funniest Pets Videos",
    "https://www.youtube.com/watch?v=hvWd3Z5oNdc": "Smartest Pets Ever || Super Smart Pets Compilation",
    "https://www.youtube.com/watch?v=ufu3Bo6GySE": "Funny Cute Pets 😍😍 Cute Squirrel Doing Funny Moments (Full) [Funny Pets]",
    "https://www.youtube.com/watch?v=u-MVAzrW5Xs": "13 Ways to SNEAK PETS INTO THE MOVIES! Sneak Pets Not Snacks into The Movies by KABOOM!",
    "https://www.youtube.com/watch?v=uErviHxUM0M": "CRAZY WAYS TO SNEAK PETS ANYWHERE YOU GO || Fun Sneaking Pets And Snacks Hacks",
    "https://www.youtube.com/shorts/CGLusZK7vjk": "Pigeon Attitude 😍/Tasin Pets Vlog/Like And Subscribe #shorts #pets #vlogs #new",
    "https://www.youtube.com/shorts/4LHOM5JfuZ4": "BTS members and their Pets #BTS #shorts 😭😭jimin pet died",
    "https://www.youtube.com/watch?v=QLpYcD5Y5sE": "A Lot Of Funny Cats For Today - Funny Pets Videos 2022| Pets Island",
    "https://www.youtube.com/shorts/0zIUXnwZwto": "funny cat cats pets #short #newshort #cats #pets #vlogs #funny #funny #reels",
    "https://www.youtube.com/watch?v=dnZAqmDA1VE": "World's Most Amazing Spy Pets Videos | 007 The Pet Collective",
    "https://www.youtube.com/watch?v=ERLj6z4gfr8": "Funniest Confused Pets Compilation 2020 | Funny Pet Videos",
    "https://www.youtube.com/watch?v=Wy_ZhgOyqyc": "Cute Animal Rabbits as Pets Video | Rabbit Farming in India | Indian Rabbit | ढेर सारे खरगोश",
    "https://www.youtube.com/watch?v=oWirzzbVSMQ": "💗 Aww - Funny and Cute Pets Videos Compilation💗 #6 - Pet's Land",
    "https://www.youtube.com/watch?v=UCbEwY3Waq4": "Sassy Pants Pets | Funny Pet Video Compilation 2017",
    "https://www.youtube.com/watch?v=kag5QTFEfic": "The Secret Life of Pets - Hot Dog Heaven Scene | Fandango Family",
    "https://www.youtube.com/watch?v=1WkNRKHwC10": "all my pets in one video in tamil | my pets tour in tamil 🐦 views of vj",
    "https://www.youtube.com/watch?v=r7uuIBljzSo": "Prank Pets | Funny Pet Video Compilation 2017",
    "https://www.youtube.com/watch?v=DXE9BvlIxeA": "De-fuzz Fuzzy Fur LOL Surprise Pets Blind Bags Box ! Toy Video",
    "https://www.youtube.com/watch?v=gmvtzc0i63I": "Famous Instagram Pets | Funny Pet Videos",
    "https://www.youtube.com/watch?v=UkeD98_WbU8": "Awsome dog trainer in nagpur|Bedi dog trainer|pets vlog|डॉग ट्रेनर इन नागपुर",
    "https://www.youtube.com/watch?v=H4KVwYSFMfM": "Unexpected Animal Moments | Funny Pet Video Compilation | The Pet Collective",
    "https://www.youtube.com/watch?v=Pp-VWPWVCrw": "Cute Baby Playing With Dogs Compilation - Baby Pets Video || Cool Peachy",
    "https://www.youtube.com/watch?v=50w-36jrVsE": "💗 Aww - Funny and Cute Pets Videos Compilation💗 #1 - Pet's Land",
    "https://www.youtube.com/watch?v=Vgdvqt1wS98": "Rare Fancy Chicken 🐔 in @deekshitha pets Vlogs  Nagpur | Nagpur Pets|",
    "https://www.youtube.com/watch?v=QRP8vjEewHU": "Funny and Cute Pets Videos 🐶 #shorts 😎  WOW! #magic #dogs #dog #fyp #foryou",
    "https://www.youtube.com/shorts/h8uBUdpaOTo": "cute pets video",
    "https://www.youtube.com/watch?v=T9mM481V1vk": "Surprise Pets Dog Has Puppies",
    "https://www.youtube.com/shorts/Xs2OIgw4BfA": "Pets Doing Funny Things|Funny Pets Video|Amazing Funny Pets 2022|Cute Funny Pets 2|#funnypets#shorts",
    "https://www.youtube.com/watch?v=WD4N8AZ0XUQ": "Crazy, Silly Pets Spazz Out || Hilarious Pet Video Comp",
    "https://www.youtube.com/watch?v=03ejYxl_Odo": "Dicku with his colour Chicks |  colour chicken babys | pets video |murgi hen small birds",
    "https://www.youtube.com/watch?v=LY-XbFNBjKI": "Angry Pets Compilation: Funny Angry Pets of The Week | The Pet Collective",
    "https://www.youtube.com/shorts/ZE0lOMlm1Vg": "cute pets । cute pets videos । small pets videos । #pets #cutepets #shorts #animals",
    "https://www.youtube.com/shorts/_hzPmQtkyGM": "pets funny videos🐕 | pets paradise | pets land |pets video |cat video |cat pets | #shorts #petscat",
    "https://www.youtube.com/shorts/HYAnhvydoAw": "Amazing Funny Pets|Cute Pets Funny Moments|Funny Pets Videos|Cute Pets #funnypets#shorts#petanimals",
    "https://www.youtube.com/watch?v=_sKBkH3giQE": "Lakadganj bird market Nagpur | Pet market in Nagpur | Pets Vlogs Part 4",
    "https://www.youtube.com/watch?v=-if3c-aTdi0": "Pets Wave 2 Series 3 Cats + Dogs",
    "https://www.youtube.com/shorts/xPmk8MYTsHw": "pets funny videos🐕 | pets paradise | pets land |pets video |cat video |cat pets |cat #shorts  #pets",
    "https://www.youtube.com/shorts/FwpJEwXCun0": "Funny Pets Videos 270 #cat #dog #hamster #rabbit #shorts",
    "https://www.youtube.com/watch?v=Zp_x9t2qC5I": "Silly Cute Pets | Funny Pets Videos",
    "https://www.youtube.com/shorts/FqPt6YYGd3c": "funny cat and dog pets video #short",
    "https://www.youtube.com/watch?v=YaPiDYt7ASA": "JEALOUS DOGS Want Attention From Their Owners💓 🐩 [Funny Pets]",
    "https://www.youtube.com/watch?v=zVtKbhhl81Y": "💗Omg! So Cute Pets ♥ Cute Baby Animals & Funny Pets Video Compilation #6💗Cute Moments",
    "https://www.youtube.com/shorts/M1F6yCJdxas": "Cutest fluffy dog ever 2021 | Cute pets video | Cute Animals Planet | fluffy dogs life moments |",
    "https://www.youtube.com/shorts/mbc-xo-K4t4": "#shorts #dogs When you're always camera ready 👀❤️| cute pets video ✨| SUBSCRIBE CUTIEE TV 🔴",
    "https://www.youtube.com/shorts/m2wPiLX0u8U": "Funny cats dogs pets videos baby cats #tiktok #Trending shorts #shorts #Precious pets",
    "https://www.youtube.com/watch?v=o1JUyWKFA4Y": "Baby and Cat are Best Friends 😸😇👶 Funny Pets Videos",
    "https://www.youtube.com/watch?v=p_oqFHJ1Ils": "Best Pets Ever - Cute and Funny Videos Compilation | Funny Pet Videos",
    "https://www.youtube.com/watch?v=N2O3OhTl7F8": "Creating the Cutest Pets in the World - Roblox Pet Show Game Video",
    "https://www.youtube.com/watch?v=4uXRTRWkSWg": "Ram Charan Funny Moments With His Pet Dog | Ram Charan Pets Videos | News Buzz",
    "https://www.youtube.com/shorts/LfWtY7WutnU": "small duck swimming... sreejith pets vlogs....",
    "https://www.youtube.com/watch?v=l0A-z0_dLN4": "Cats Don't Care Funny Pets Videos | Best Funny Cat Videos Ever",
    "https://www.youtube.com/watch?v=vyzI-rENQ2c": "Presidential Pets: the History of Pets in the White House - FreeSchool Presents: Hilarious History",
    "https://www.youtube.com/shorts/rKd7rPKRaz8": "😀Funny cats and Dogs Pets videos 😂 Funny Animals 😀 Cute Animals 😁 Funzo Animals,🤣 #awwanimals #cat",
    "https://www.youtube.com/watch?v=wWWB0ZdGHwU": "Can Golden Retriever eat in the company of rabbits? - Cute Pets Video",
    "https://www.youtube.com/shorts/AUxJYXXsUKw": "Funny Pets Videos 186 #cat #dog #hamster #rabbit #shorts",
    "https://www.youtube.com/watch?v=MlVTwaEDsQs": "Purse Pets – INTERACTIVE Pet and Purse! – Unboxing and How-To",
    "https://www.youtube.com/watch?v=iyYjFLjiCIU": "Funny and Cute Pets Videos 🐶 #shorts 😎  YouTube in Instagram- Bio #foryoupage #dogsoftiktok #tikt",
    "https://www.youtube.com/shorts/kQKjmljdSEY": "Funniest Pets Video 😂 #105 #shorts #puppy #pets #cat #funnyvideos  #dog #funniest #funnyvideo",
    "https://www.youtube.com/shorts/dBydvMMK_no": "Funny cats dogs pets videos baby cats #tiktok #Trending shorts #shorts #Precious pets",
    "https://www.youtube.com/watch?v=3F9tqzs70zU": "BLACKPINK With Their Pets Cute Moments",
    "https://www.youtube.com/shorts/ASS3baLs0KA": "Funny cats dogs pets videos baby cats #tiktok #Trending shorts #shorts #awwanimals",
    "https://www.youtube.com/shorts/qnK0_eVopC8": "Funny cats dogs pets videos baby cats #tiktok #Trending shorts #shorts",
    "https://www.youtube.com/watch?v=QQjDblsR-bU": "തത്ത വളർത്തൽ 🦜😍 | parrot caring | malayalam pets video | pets video malayalam | parrot food style",
    "https://www.youtube.com/watch?v=-yQ36eU-dLo": "Funny dogs and cats #16 - Funny pets video compilation",
    "https://www.youtube.com/watch?v=0TX07Q9-CqU": "CATS Is Beyond Funny And Cute   Funny Pets Videos",
    "https://www.youtube.com/shorts/T_VPYhmN9fQ": "cute pets । cute pets videos । small pets videos । #pets #cutepets #short #animals",
    "https://www.youtube.com/shorts/FPoplXbqY8g": "Funny dog Reaction on owner staring| Funny pets videos| #shorts|Booster Prabhanjan",
    "https://www.youtube.com/shorts/KMVe4n5J3tU": "😀Funny cats Dogs Pets videos baby cats🤣 Funzo Animals  #tiktok #trending shorts #precious Pets",
    "https://www.youtube.com/shorts/84JQKnhmaiM": "Funny cats dogs pets videos baby cats #tiktok #Trending shorts #shorts #awwanimals",
    "https://www.youtube.com/shorts/7ujUf-oFmvo": "pets funny videos🐕 | pets paradise | pets land |pets video |cat video |cat pets | #shorts #petscat",
    "https://www.youtube.com/shorts/my3N0tNR8lo": "Funny cats dogs pets videos baby cats #tiktok #Trending shorts #shorts #Precious pets 2",
    "https://www.youtube.com/shorts/O40pS4C270E": "Funny cats dogs pets videos baby cats #tiktok #Trending shorts #shorts #awwanimals",
    "https://www.youtube.com/watch?v=T82TKjFWsIY": "जंगली खरगोश 🐇 रोड में मिला खरगोश /Cute Animal Rabbits as Pets Video | Rabbit Farming in India Rabbit",
    "https://www.youtube.com/shorts/C1HCxcNDI3Q": "new funny pets video / funny goat / trending / cute pets videos / trending WhatsApp status",
    "https://www.youtube.com/shorts/wDnrEn0M0uc": "💗Omg! So Cute Pets ♥️ Cute Baby Animals & Funny Pets Video Compilation #shorts",
    "https://www.youtube.com/shorts/71gAywknUyM": "Funny cats dogs pets videos baby cats #tiktok #Trending shorts #shorts #Precious pets",
    "https://www.youtube.com/watch?v=rCIZIEwX4fA": "Cute Baby Playing With Dog Compilation - Baby and Pets Video || Kudo Baby",
    "https://www.youtube.com/shorts/Bqcg1ZVK1e8": "Time flies 🥺❤️ | SUBSCRIBE FOR MORE CAT CLIPS 🔴| CUTE PETS VIDEO ✨ | #SHORTS #CATS",
    "https://www.youtube.com/shorts/jbWrG3LDQZE": "Funny cats dogs pets videos baby cats #tiktok #Trending shorts #shorts",
    "https://www.youtube.com/shorts/PvpaL4YVmW8": "10_Funny and cute dog video compilation_#shorts  | cute mini Pets videos | #puppy",
    "https://www.youtube.com/shorts/zdjlEZ10si0": "Funny Pets Videos 183 #cat #dog #hamster #rabbit #shorts",
    "https://www.youtube.com/watch?v=QJZV-ZVnR-0": "Cats Don't Care Funny Pets Videos | Ultimate Funny Cat Videos Ever",
    "https://www.youtube.com/shorts/jXIqXV-CpWQ": "Animals video pets video baby pets video cat video dog video all baby pets video",
    "https://www.youtube.com/watch?v=O91acdFtpAo": "Talking Siberian Husky tik tok challenge | Cute Funny Pets Videos 2020 | Stress Relievers",
    "https://www.youtube.com/watch?v=Z5ZIW52FG9M": "Super Sleepy Pets || Pets Sleeping Compilation",
    "https://www.youtube.com/shorts/08xWzhf8KIU": "Funny cats dogs pets videos baby cats #tiktok #Trending shorts #shorts",
    "https://www.youtube.com/shorts/wg2ZWLUD9WM": "Funny cats dogs pets videos baby cats #tiktok #Trending shorts #shorts",
    "https://www.youtube.com/shorts/BdSzTr1c-BQ": "Funny cats dogs pets videos baby cats #tiktok #Trending shorts #shorts #awwanimals",
    "https://www.youtube.com/watch?v=cf5uzPK2jD0": "LOL Surprise Pets Bath In Water Pool with Barbie, Dog & Cat Toy Video",
    "https://www.youtube.com/watch?v=S1nUMsPC1-0": "Pets | Learn more about pets for kids | Kids academy",
    "https://www.youtube.com/shorts/skf_v9Sb7rs": "pets funny videos🐕 | pets paradise | pets land |pets video |cat video |cat pets | #shorts #petscat",
    "https://www.youtube.com/shorts/eGuwb8D8ik4": "Cute Pets. New Pets Videos. Cute Animas New Videos.",
    "https://www.youtube.com/watch?v=WGCJhwv3icY": "FUNNY Dogs Scared of Halloween Compilation ★ Funny Babies and Pets",
    "https://www.youtube.com/shorts/PRMEDTl9rMk": "Funny cats dogs pets videos baby cats #tiktok #Trending shorts #shorts #Precious pets",
    "https://www.youtube.com/shorts/Y9R_JmrHPrY": "Funny cats dogs pets videos baby cats #tiktok #Trending shorts #shorts #awwanimals",
    "https://www.youtube.com/shorts/UcbcUynZi8s": "Funny cats dogs pets videos baby cats #tiktok #Trending shorts #shorts #awwanimals",
    "https://www.youtube.com/shorts/NsyDIyH-Aac": "Funny cats dogs pets videos baby cats #tiktok #Trending shorts #shorts",
    "https://www.youtube.com/watch?v=516rtl2bwaA": "OMG Cute Cats & Dogs | Best Funny Pets Videos | Saj Pets",
    "https://www.youtube.com/shorts/nygUBw7gZcM": "Pets Doing Funny Things|Funny Pets Video|Amazing Funny Pets 2022|Cute Funny Pets|#funnypets #shorts",
    "https://www.youtube.com/watch?v=8QThnUoXIGg": "Happy Pets! | Funny Pet Video Compilation",
    "https://www.youtube.com/watch?v=Z1ZD42d2Gvk": "Top 20 Exotic Pets | Best Pets Of The Year 2020",
    "https://www.youtube.com/shorts/PsmW1YQmyNo": "Funny cats dogs pets videos baby cats #tiktok #Trending shorts #shorts #Precious pets",
    "https://www.youtube.com/watch?v=FbqnJZ5mQYs": "Funniest Pets & Animals of the Week | Funny Pet Videos",
    "https://www.youtube.com/watch?v=4aynPEUHUeE": "Cute Baby Pets Video Doing Funny Things 2021 💗Cute Moments",
    "https://www.youtube.com/watch?v=ks34rsdviDk": "Soap Opera Pets | Funny Pet Video Dramatic Compilation 2017",
    "https://www.youtube.com/watch?v=TRPAr1YxrJo": "Cute Animal Rabbits as Pets Video |72 cute Rabbits |Rabbits Fun",
    "https://www.youtube.com/watch?v=lBkHxJazRV4": "The Secret Life of Pets  - Meet CHLOE the Cat [CLIP]",
    "https://www.youtube.com/watch?v=i6x8Wvyvj1s": "Top 20 Athletic Pets | Best Pets Of The Year 2020",
    "https://www.youtube.com/shorts/3t-8-jM4gnk": "Funny cats dogs pets videos baby cats #tiktok #Trending shorts #shorts #Precious pets",
    "https://www.youtube.com/watch?v=sw4_ZgE-i7Y": "Cute Animals Rabbits as Pets Video | Rabbits Farming in India Rabbits #animals",
    "https://www.youtube.com/watch?v=_yguD_Ca5dA": "Funniest Baby And Cat Are Best Friends #4 - Funny Pets Videos",
    "https://www.youtube.com/watch?v=tnun-EzNC7M": "BFF Pets + Dolls Best Furry Friends ! Giant Surprise Package Box ! Cookie Swirl C Doll !!!",
    "https://www.youtube.com/watch?v=1uLPl7-3Rfc": "DOGS HOUSE Cartoons for Children - The Secret Life of Pets Videos for Kids Cartoons",
    "https://www.youtube.com/watch?v=UjSX4b_-6vc": "Littlest Pet Shop Latino América - 'Conoce a los Hungry Pets'  Video Oficial",
    "https://www.youtube.com/watch?v=6DdfXVzhTDU": "Meet Friends With Paws & Claws | Trailer | Toca Life: Pets",
    "https://www.youtube.com/shorts/16mrkQF7E9o": "Funny cats dogs pets videos baby cats #tiktok #Trending shorts #shorts #Precious pets",
    "https://www.youtube.com/watch?v=2nRuiZbb1D8": "Chewy Chatty Pets: Giorgio and Ralph | Pet Prescriptions",
    "https://www.youtube.com/shorts/ExqrWMHtGU8": "Funny cats dogs pets videos baby cats #tiktok #Trending shorts #shorts #Precious pets",
    "https://www.youtube.com/watch?v=ZwLpGy1HRsM": "Innocent Pets video | cute puppy | People help for animals | Animals lover -''Rajesh king'' videos",
    "https://www.youtube.com/watch?v=ZfOp3bx8KeE": "angry cat super pets  video Jeddah",
    "https://www.youtube.com/watch?v=GY2Z8v4B4ys": "Top 20 Super Cute Pet Moments | Best Pets Of The Year 2020",
    "https://www.youtube.com/shorts/Q2t3eo_6PPE": "Funny cats dogs pets videos baby cats #tiktok #Trending shorts #shorts #Precious pets",
    "https://www.youtube.com/shorts/3ZJ2SGu_TRI": "Funny cats dogs pets videos baby cats #tiktok #Trending shorts #shorts #Precious pets",
    "https://www.youtube.com/shorts/H4r56ZOTp0Y": "Funny cats dogs pets videos baby cats #tiktok #Trending shorts #shorts #Precious pets",
    "https://www.youtube.com/shorts/S8LAzJ6N0gY": "Funny cats dogs pets videos baby cats #tiktok #Trending shorts #shorts #Precious pets",
    "https://www.youtube.com/shorts/ncRukGf65N0": "Nhi fav jgh😁 #ytshorts #labradorpuppy #cutedog #kgf #kgf2 #avengers #funnydog #dogs #puppy #pets",
    "https://www.youtube.com/watch?v=ZPfMfJkhKwo": "Little Live Pets | My Pet Pig | TVC 30",
    "https://www.youtube.com/shorts/k-JTXjH604A": "Funny cats dogs pets videos baby cats #tiktok #Trending shorts #shorts #Precious pets",
    "https://www.youtube.com/watch?v=nvO17uPanBY": "TXT (투모로우바이투게더) 'Cat & Dog' Official MV (English ver.)",
    "https://www.youtube.com/shorts/Y-8cQ-hxQoE": "Funny cats dogs pets videos baby cats #tiktok #Trending shorts #shorts #Precious pets",
    "https://www.youtube.com/shorts/D537VRRaB14": "Funny cats dogs pets videos baby cats #tiktok #Trending shorts #shorts #Precious pets",
    "https://www.youtube.com/shorts/PbDJo6SVJyM": "Funny cats dogs pets videos baby cats #tiktok #Trending shorts #shorts #Precious pets",
    "https://www.youtube.com/shorts/IDafzz0ILGE": "Funny cats dogs pets videos baby cats #tiktok #Trending shorts #shorts #Precious pets",
    "https://www.youtube.com/watch?v=pb0GYmQoDvY": "\"Don't call mom\" dog afraid of mom | Funny Animals | Funny Pets Videos 2021 #AmazingInternetDose",
    "https://www.youtube.com/shorts/wcsTyXxlZDY": "Funny cats dogs pets videos baby cats #tiktok #Trending shorts #shorts #Precious pets",
    "https://www.youtube.com/shorts/NQmMgTauFsQ": "Funny cats dogs pets videos baby cats #tiktok #Trending shorts #shorts #Precious pets",
    "https://www.youtube.com/shorts/iDT7h7LM9vI": "Funny cats dogs pets videos baby cats #tiktok #Trending shorts #shorts #Precious pets",
    "https://www.youtube.com/shorts/ZepvIaQhJ38": "Funny cats dogs pets videos baby cats #tiktok #Trending shorts #shorts #Precious pets",
    "https://www.youtube.com/shorts/xGI1lCrXckE": "Funny cats dogs pets videos baby cats #tiktok #Trending shorts #shorts #Precious pets",
    "https://www.youtube.com/shorts/Pv7AEsWLazY": "Funny cats dogs pets videos baby cats #tiktok #Trending shorts #shorts #Precious pets",
    "https://www.youtube.com/shorts/HqjkRcHlhGE": "Funny cats dogs pets videos baby cats #tiktok #Trending shorts #shorts #Precious pets",
    "https://www.youtube.com/shorts/9zGQyQd-fgY": "Funny cats dogs pets videos baby cats #tiktok #Trending shorts #shorts #Precious pets",
    "https://www.youtube.com/watch?v=oKzgUaHuJIQ": "Pets for Children - Pet animal sounds for kids to learn - Exotic Pets & Small Pets | Kiddopedia",
    "https://www.youtube.com/shorts/2V4f0sh2-f0": "Funny cats dogs pets videos baby cats #tiktok #Trending shorts #shorts #Precious pets",
    "https://www.youtube.com/shorts/aruuvukssPQ": "Funny cats dogs pets videos baby cats #tiktok #Trending shorts #shorts #Precious pets",
    "https://www.youtube.com/shorts/Pcybk_rooEU": "Funny cats dogs pets videos baby cats #tiktok #Trending shorts #shorts #Precious pets",
    "https://www.youtube.com/watch?v=K9-W2RdnIaM": "Stir Crazy Pets | The Pet Collective",
    "https://www.youtube.com/shorts/8dYiRsegdGM": "Funny cats dogs pets videos baby cats #tiktok #Trending shorts #shorts #Precious pets",
    "https://www.youtube.com/shorts/zsmLUx-Tb6o": "snooze ന്റെ മീൻ പിടിത്തം l cute cats short l pets video l shorts l Pathus creativity",
    "https://www.youtube.com/shorts/5VDWkkyydsM": "Funny cats dogs pets videos baby cats #tiktok #Trending shorts #shorts #Precious pets",
    "https://www.youtube.com/shorts/fFIk60qtaag": "Funny cats dogs pets videos baby cats #tiktok #Trending shorts #shorts #Precious pets",
    "https://www.youtube.com/shorts/zvAHkXy5jGw": "Funny cats dogs pets videos baby cats #tiktok #Trending shorts #shorts #Precious pets",
    "https://www.youtube.com/shorts/TqeQQLPnuzk": "Funny cats dogs pets videos baby cats #tiktok #Trending shorts #shorts #Precious pets",
    "https://www.youtube.com/shorts/HCLx9RUkrA8": "Funny cats dogs pets videos baby cats #tiktok #Trending shorts #shorts #Precious pets",
    "https://www.youtube.com/shorts/6xAr05OgSZo": "Funny cats dogs pets videos baby cats #tiktok #Trending shorts #shorts #Precious pets",
    "https://www.youtube.com/shorts/b1zS2zRtovc": "Funny cats dogs pets videos baby cats #tiktok #Trending shorts #shorts #Precious pets",
    "https://www.youtube.com/watch?v=23zwhn4JsUI": "Little Live Pets | OMG Pets | How To",
    "https://www.youtube.com/shorts/DzGMeileS94": "GROMIG PETS. Pet Bathing, Hair Cutting, Grooming, Boarding, Janapriya Appartments ATTAPUR 9032130409",
    "https://www.youtube.com/watch?v=S4_iCsR4XFg": "INTRODUCING MY NEW PET To My PET | Let's see what will happen? #pets #cat #chicken #chicks",
    "https://www.youtube.com/shorts/sd2h246HSMM": "GROMIG PETS. Pet Bathing, Hair Cutting, Grooming, Boarding, Janapriya Appartments ATTAPUR 9032130409"
}