{
    "https://www.youtube.com/watch?v=0xpEIbEvVBY": [
        "Vlad and Nikita fun day at the Selfie museum and game center for children",
        "Song Name : Selfie (Full Video)\nSinger : Gurshabad\nMusic: Jatinder Shah\nLyrics : Sidhu Sarabjit\nMix & Master : Sameer Charegaonkar\n\nAlso Available on :\niTunes : http://abc.digital/sel1\nApple Music : http://abc.digital/sel2\n\nRhythm Boyz Entertainment & Hayre Omjee Studio Presents:\n\"GOLAK BUGNI BANK TE BATUA\"\nReleasing on 13th April 2018\n\nDirected by - Ksshitij Chaudhary\nProduced by - Karaj Gill & Talwinder Hayre\nCo-producers - Jaspal Singh Sandhu, Amiek Virk, Munish Sahni\nStory Screenplay : Dheeraj Rattan \nDialogue : Rakesh Dhawan \nAdditional Dialogue : Surmeet Maavi \nProduction Designer : Kazi Rafik Ali and Liyakat Ali Khan\nDOP : Parixit Warrier \nEditor : Rikki Kajle\nChief Assistant Director : Deepak Thaper\nCostume Designer: Nitasha Bhateja Roy \nMusic & Background Score : Jatinder shah \nSingers : Amrinder Gill, Sunidhi Chauhan, Bir Singh, Gurshabad, Gurpreet Maan, Bikk Dhillon\nLyricist : Happy Raikoti, Bir Singh, Harmanjeet, Sabir Ali Sabir, Bikk Dhillon, Sidhu Sarabjit\nArt Director : Dipankar Mondal \nPost Production Controller : Varun Bansal \nLine Producer : Virasat Films \nVisual promotion : Hashtag Studios \nPoster Design : Vitamin V\nPoster Stills : Harjeet Singh\nMovie Stills : Dashmesh Arts, Manpreet Singh Grewal, Jit Sandhu, Maninder Singh\n\nFollow us on - \nYouTube - http://bit.ly/RhythmBoyz\nFacebook - https://m.facebook.com/RBzEnt/\nInstagram - https://www.instagram.com/rhythmboyzentertainment\n\nDigitally Powered by One Digital Entertainment [https://www.facebook.com/onedigitalentertainment]\n[http://www.onedigitalentertainment.com]"
    ],
    "https://www.youtube.com/watch?v=EfgAIlMfMNw": "Couple dance | Punjabi couple | Special day ❤️| Jatta khich selfie | harryjot shekhu",
    "https://www.youtube.com/shorts/ZUcEy-wuYi0": "Cute Selfie Poses | Selfie Poses For Girls | #shorts | Santoshi Megharaj",
    "https://www.youtube.com/watch?v=7hLFZUXXKMY": "How to take a perfect selfie | Tips from an actor :) | Garima's Good Life",
    "https://www.youtube.com/watch?v=Riw57THXpe4": "Selfie மோகம் - இளைஞனுக்கு சோகம் | Selfie | Sathiyamtv",
    "https://www.youtube.com/watch?v=Hh5eWrWYWG8": "Selfie Public Review | Selfie Review | Selfie Movie Review | Selfie Tamil Cinema Review GV Prakash",
    "https://www.youtube.com/shorts/DziRJ3rEvs4": "🤳Madam ஒரு Selfie 😍 ரசிகருடன் Cute Pose கொடுத்த Pooja Hegde | Beast",
    "https://www.youtube.com/watch?v=FX-u0VjDDbo": "How To Take Best Selfie | Hindi | Tips for Click Perfect Selfie",
    "https://www.youtube.com/watch?v=jwW5ogXUCjM": "Hide Face Selfie Poses For Instagram Snapchat DP | Selfie Poses for Girls : STYLE GRAM",
    "https://www.youtube.com/watch?v=h8Uj1WK3WY8": "Boys Selfie poses & idea ||Selfie Pose Ideas and Tips for Boys ||man selfie",
    "https://www.youtube.com/watch?v=1_JMlC7jCHw": "DP or Profile Picture Poses | Snapchat Hide Face Poses | Poses with Phone | 25 + Photo Selfie #poses",
    "https://www.youtube.com/watch?v=0UiLMgvTlFE": "Selfie Pose For Girls | Kurti Poses | Snapchat Selfie | Santoshi Megharaj",
    "https://www.youtube.com/watch?v=xqKn-5MWQ3g": "stylish selfie poses for boys || selfie poses || selfie ideas || boys photo poses..",
    "https://www.youtube.com/watch?v=2B4GHq2jH38": "Dp or Profile Picture | Snapchat Hide Face/Cute & Sad Selfie Poses | Snapchat Selfie Poses for girls",
    "https://www.youtube.com/watch?v=6UPeKA_HqLk": "Selfie Poses/ Selfie Ideas for Boys",
    "https://www.youtube.com/watch?v=aw_-sTeyuUE": "Selfie Deyyam | Selfie Ghost | Ghost Stories | Horror Stories in Telugu | Telugu Ghost Stories",
    "https://www.youtube.com/watch?v=pLmhUKQlYPk": "har ghar tiranga mein selfie upload kaise karen | how to upload selfie in har ghar tiranga",
    "https://www.youtube.com/watch?v=UfNG8Itxl4M": "Romantic Selfie Prank On Cute Girls 😍 | Jatin Dhangar",
    "https://www.youtube.com/watch?v=-RkqMHbr5iQ": "30+ Photo Selfies| Selfie Ideas | Selfie Poses | Instagram Photo Ideas |Aesthetic | Love Carlos",
    "https://www.youtube.com/watch?v=IdabqyzZT10": "✅ SELFIE CAKE🪞NUEVA TENDENCIA en decoración de PASTELES‼️ Aprende a HACER PASTEL SELFIE para VENDER",
    "https://www.youtube.com/shorts/_mANuYr9Ns0": "Ye kis trh ki selfie hai #shorts #varshasinghrajput #selfie #funnyvideo",
    "https://www.youtube.com/shorts/_T6nIEYpz2g": "Hide Face Poses | DP or Profile Picture Poses | Selfie Poses For Girls | Santoshi Megharaj #shorts",
    "https://www.youtube.com/watch?v=fZMa63lWLA4": "Lori NEEDS the Perfect Selfie! 📸 'Selfie Improvement' | The Loud House",
    "https://www.youtube.com/shorts/fWbrL3U56gQ": "(selfie point)durghatnayen selfie point per #selfie #shorts #youtube #youtubeshort #viral #pagal",
    "https://www.youtube.com/shorts/dzXdtZZSmkU": "EASY Selfie Stick DRONE Shot! 🔥🤯 #photography #videography #shorts",
    "https://www.youtube.com/watch?v=I_npv6KEgRI": "Watch Snap Reveal Selfie Drone Pixy! (Full Presentation)",
    "https://www.youtube.com/watch?v=Quqg9Tx7r8I": "Tried To Take A Cute Selfie With Meeka (SHE ARGUES!)",
    "https://www.youtube.com/watch?v=AkCNVtAnbuE": "Romantic Selfie Prank On Cute Girl's 😍| Classy Subhash",
    "https://www.youtube.com/watch?v=pXT0DtTuoAI": "Day Shift Star Jamie Foxx Wants a Selfie With THIS Celebrity | Daily Pop | E! News",
    "https://www.youtube.com/shorts/-n0MeCgfHb0": "CRAZY Selfie Stick Shot! 🤯📸  w/ Insta360 #insta360onex2 #videography #creative AD",
    "https://www.youtube.com/watch?v=_k_z64TZquI": "Snap Pixy Review: Is the Selfie Mini-Drone Worth $230? | WSJ",
    "https://www.youtube.com/shorts/imbE-svqQao": "Boys Selfie V/S Girls Selfie 🤪 #shorts #boysvsgirls",
    "https://www.youtube.com/watch?v=X7N8KXpUjvI": "Attractive Snapchat photo  Ideas // cute Ideas for selfie // Snapchat Pose ideas for girls😍",
    "https://www.youtube.com/watch?v=fdnpoSlpi68": "Snapchat Selfie Poses with Flag 🇮🇳 | Happy Independence Day 2021 | Independence Day Photo Ideas",
    "https://www.youtube.com/watch?v=JQ-2sk2ELJI": "‘Polaroid Love’ Selfie cam ver. - ENHYPEN (엔하이픈)",
    "https://www.youtube.com/watch?v=QNAKl5UOQrg": "🇮🇳 SELFIE PULLA VIDEO REACTION!! | Selfie Pulla | Kaththi | Vijay, Samantha Ruth Prabhu",
    "https://www.youtube.com/shorts/LZBivNte12U": "CRAZY Underwater Selfie Stick Shot! 🤯📸 w/ Insta360 #insta360onex2 #videography #creative ad",
    "https://www.youtube.com/shorts/YC3O8mVOtZc": "Selfie  Pulla Song In Tamil Song 🎶🎶 Sri_JS Cute 🥰 Reels In Tamil Song 🎶",
    "https://www.youtube.com/shorts/xnFIA5LY3po": "Remote control selfie stick. #selfie #videography #picture #camera",
    "https://www.youtube.com/shorts/4pr_2mfbOmk": "selfie poses for girls|| best selfie poses for girls",
    "https://www.youtube.com/shorts/9AO4Qqlcbtg": "Cool Car Selfie? 🤳🏼",
    "https://www.youtube.com/watch?v=XYHZdmDIA08": "Selfie Selfie Lyrics by Bai Arah of Triger Band",
    "https://www.youtube.com/shorts/yDn79u6zzjM": "Snapchat Selfie Poses | Selfie poses in Kurti #shorts #selfie",
    "https://www.youtube.com/shorts/hNbPI2_2njA": "selfie poses with lover || couple selfie poses  || jk fashion || selfie pose..",
    "https://www.youtube.com/shorts/BpI3Cc2itsI": "Snapchat selfie idea || Hide face selfie Poses || Pose for girls || my_clicks Instagram",
    "https://www.youtube.com/watch?v=PZRUxsTNiwA": "Happy Land Fun Park l Selfie Danda l Surunga l Jhapa l Quick Visit l Traveling Vlog l DavidVlogs",
    "https://www.youtube.com/shorts/auBujdkddd8": "Selfie Lover 😂😂 | Deep Kaur | #shorts #selfie #funny #comedy #girls",
    "https://www.youtube.com/watch?v=u8i26FIl0c4": "Tecno Camon 18T Unboxing | Selfie Selfie Kheltay Hain",
    "https://www.youtube.com/watch?v=69EnI0lfPUU": "Sara Ali Khan Poses For Selfie After Selfie With Fans At The Airport",
    "https://www.youtube.com/shorts/XQqYNbGdlC8": "40+ cute selfie poses at home || instragram poses for girls 2021#shorts",
    "https://www.youtube.com/shorts/Uvpsj2Grxko": "selfie ideas how to take a good selfie #shorts",
    "https://www.youtube.com/shorts/YOCuVZIEUFc": "selfie poses ideas for girls ❤️🥀 | selfie poses in saare #shorts",
    "https://www.youtube.com/shorts/C6nc62gCKpQ": "Hidden Face Selfie Poses😍।। Snapchat Cute Selfie poses ।।# youtubeshorts ।।#shorts",
    "https://www.youtube.com/watch?v=XiSjE3cIvKc": "Selfie Day",
    "https://www.youtube.com/shorts/diZpMA6bHQE": "cool Bluetooth selfie stick ✅🤳 ||",
    "https://www.youtube.com/shorts/cH7bjNoDWvw": "Cute Selfie Ideas 😘|| Selfie For Girls  in Instagram Filter || Indoor Selfie #shorts #ethnicwear",
    "https://www.youtube.com/watch?v=79qPlVpIEys": "ATEEZ(에이티즈) - 'If Without You' (1000th DAY Special Selfie MV)",
    "https://www.youtube.com/watch?v=Qs9W5jWdmIY": "Independence Day पर Bihar का चायवाला बन गया Hero, हर कोई Selfie लेने को दौड़ा आया, देख लीजिए",
    "https://www.youtube.com/shorts/txW7Ed0QM8k": "cute selfie poses for girls #shorts #girl #shortvideo",
    "https://www.youtube.com/shorts/FmG-IU6nKAI": "Cool Couple Selfie 🤳🥰 📱📸Tag Some who love to shoot and edit like this ❤️....",
    "https://www.youtube.com/shorts/WhXU9zcMnFc": "Independence day patriotic selfie ideas 🇮🇳 #shorts #15august #selfie #independenceday Youtube #2022",
    "https://www.youtube.com/watch?v=RbCtY-OmhCM": "ஹீரோ வோட ஒரு selfie   Real Hero - Independence Day Video",
    "https://www.youtube.com/shorts/-cjd93g1qC0": "hide face selfie poses, hidden selfie ideas",
    "https://www.youtube.com/watch?v=AeIcIO1JDBo": "Selfie (Beautiful Body)",
    "https://www.youtube.com/shorts/Ny4cGxTNlCI": "Selfie queen Ka tag toh Sara Ali Khan ko jaana chahiye😝 Fan ka phone lekar khud selfie de di Sara ne",
    "https://www.youtube.com/shorts/5FPcdCKEZuM": "Interview-க்கு நடுவே Cute-ஆ ஒரு Selfie 😍 Kiruthiga Udhayanidhi #Shorts",
    "https://www.youtube.com/shorts/fOpv6pd8PFw": "Half Face Selfie Poses 🙈 #shorts #selfie #selfieposes #posesideas #pose #forgirls #photoshoot #nfs"
}