{
    "https://www.youtube.com/watch?v=J_To3QAiSlE": "Sanket Sargar Silver Medal | Weightlifting | Commonwealth Games 2022 | Birmingham",
    "https://www.youtube.com/watch?v=kE7D7qFayVg": "Greatest Sports Moments - M83 Outro (HD)",
    "https://www.youtube.com/watch?v=helXtzTVGiQ": "Legendary Respect and Fair Play Moments in Sports",
    "https://www.youtube.com/watch?v=MRdkdIfkBJ8": "Most Embarrassing Moments in Sports - Funniest Moments in Sports History",
    "https://www.youtube.com/watch?v=U_rcCUqxsi8": "30 MOST WTF MOMENTS IN SPORTS - Funniest Moments in Sports History",
    "https://www.youtube.com/watch?v=T7GtFZWQFA0": "MOST WTF MOMENTS IN SPORTS - 30 Funniest Moments in Sports",
    "https://www.youtube.com/watch?v=-mp-ttAXW4w": "Most Beautiful Moments of Respect and Fair Play in Sports",
    "https://www.youtube.com/watch?v=JsOL9GBAugY": "Funniest Sports Moments of the Year 2021 | Crazy Fan Moments, Epic Fails & Blunders",
    "https://www.youtube.com/watch?v=kgMO0j-DuE4": "Roma and Diana learn to have fun and play sports. Activities for kids",
    "https://www.youtube.com/watch?v=R7Qh6Ocv068": "LIVE | Bangladesh vs Malaysia | Women's Football | FIFA Friendly Football Match | T Sports",
    "https://www.youtube.com/watch?v=o7W7OvETO40": "Greatest Sports Moments",
    "https://www.youtube.com/watch?v=qIhdDVg45lA": "Blippi Learns to Play Basketball! | Learning Sports for Kids | Fun and Educational Videos for Kids",
    "https://www.youtube.com/watch?v=vynJxKoCaSk": "1 In A Trillion Moments In Sport - Craziest Moments In Sports History",
    "https://www.youtube.com/watch?v=F4gek_Y4gT0": "LIVE | Bangladesh vs Malaysia | Women's Football | FIFA Friendly Football Match | T Sports",
    "https://www.youtube.com/watch?v=gOusZH7paOs": "Embarrassing Moments in Sports 2022 - 30 Funniest Moments in Sports",
    "https://www.youtube.com/watch?v=THCKZRjgFnw": "Creamline Cool Smashers gold medal awarding | 2022 PVL Invitational Conference",
    "https://www.youtube.com/watch?v=imhFYbj8gzw": "Sports Minister Anurag Thakur Hails PV Sindhu's Gold Win At CWG 2022, Wishes Best For Hockey Team",
    "https://www.youtube.com/shorts/5y72NCGLlns": "Cheating Moments In Football 😂✌️✌️🧠🧠🧠🔥🔥🔥",
    "https://www.youtube.com/shorts/caWd0uuqaPA": "CWG 2022: पीवी सिंधु ने बैडमिंटन सिंगल्स फाइनल में जीता गोल्ड | PV Sindhu Wins Gold Medal | Shorts",
    "https://www.youtube.com/shorts/A_owR9OKMgc": "Salima Tete, goal scorer in India’s Bronze medal match in Commonwealth Games, up close and personal",
    "https://www.youtube.com/shorts/5j0vdweEXiY": "🇮🇳 PV Sindhu wins India’s 200th gold medal in Commonwealth Games #pvsindhu  #cwg2022",
    "https://www.youtube.com/shorts/AAICncITyd8": "Indian Cricket gets a Silver Lining 🥈#silver #commonwealthgames2022",
    "https://www.youtube.com/watch?v=5iQzny094FM": "Gigi Hadid Best Moments: Jersey Shore Fun, Tropical Kauai & Tahiti | Sports Illustrated Swimsuit",
    "https://www.youtube.com/shorts/dZ_lDUSK0nk": "CWG 2022: Indian Fencer Bhavani Devi Wins Gold Medal In Finals, Beats Australia",
    "https://www.youtube.com/watch?v=ps0hmIv-6Dc": "PV Sindhu Exclusive On Winning Maiden Gold Medal At Commonwealth Games 2022 | Sports News",
    "https://www.youtube.com/watch?v=xjXQgqnDY9I": "PV Sindhu Wins Gold At Commonwealth Games 2022 | Badmintion Star's Father Speaks On Win | Sports",
    "https://www.youtube.com/watch?v=JOw1iCi5TYw": "40 GREATEST MOMENTS EVER IN SPORTS HISTORY!",
    "https://www.youtube.com/watch?v=K0FWOsxfbDo": "Live Cricket Match | Golden Giants vs panteras | 14-Aug-22 03:21 PM 10 overs | CDMX Verano T10 2022",
    "https://www.youtube.com/watch?v=t0-z4BHPgVY": "The moment of great pride and honour 🇮🇳Our athletes soared the National Flag.",
    "https://www.youtube.com/watch?v=A-r9sj7zHJ4": "The Beauty of Football - Greatest Moments",
    "https://www.youtube.com/watch?v=RAI66xEePII": "Greatest Sports Moments of the Decade (2010-2019)",
    "https://www.youtube.com/watch?v=hGDixNncbh8": "NBA \"Greatest Sportsmanship\" MOMENTS",
    "https://www.youtube.com/watch?v=dWITW3UwYzo": "The Greatest Sports Moments of 2016 ᴴᴰ",
    "https://www.youtube.com/watch?v=O-H9PyNckeQ": "Greatest World Record In Football",
    "https://www.youtube.com/watch?v=tJeIIcFXKRs": "Top 40 Greatest Finishes In Sports History | CRAZIEST Moments & Most Dramatic Endings",
    "https://www.youtube.com/watch?v=FYgB9rxXE5U": "The GREATEST Comebacks In Football History #1",
    "https://www.youtube.com/shorts/YbUxMy1GwEs": "Football \"is the greatest sport of all time\" 💫!",
    "https://www.youtube.com/shorts/iiJlqzce2no": "Why Football is the greatest sport in history😍❤",
    "https://www.youtube.com/shorts/Wp3TYpRrLCE": "The Greatest Ever In Cricket 🥶✨🏆 #shorts #cricket",
    "https://www.youtube.com/shorts/j475P_B2g7Q": "Indian Cricket’s Greatest Moments!🫡🇮🇳 #lehrado #independenceday #75thindependenceday #india",
    "https://www.youtube.com/shorts/SXSZTeoX3Yg": "THE GREATEST EVER REAL MADRID EDITION #shorts #football #ronaldo #realmadrid",
    "https://www.youtube.com/shorts/bnFAPtvizXw": "The greatest ending to a football match",
    "https://www.youtube.com/shorts/dEunG-0F7Ts": "GREATEST REAL MADRID PLAYERS OF ALL TIME⚪️🏆 #realmadrid #football #shorts #footballshorts #ronaldo",
    "https://www.youtube.com/shorts/GEB_linwQng": "The 4 Greatest Players Of Generation |#drakeditz #football #messi #ronaldo #neymar #suarez",
    "https://www.youtube.com/shorts/RI9M3GHBaeQ": "GREATEST FINISHER 💪🥶#cricket #shorts #reels #cricketshorts #cricketreels #cricketvideos",
    "https://www.youtube.com/watch?v=CmdfJb2-N4U": "Greatest Moments in Sports (M83)",
    "https://www.youtube.com/watch?v=P8_pK3HEvBM": "Greatest Moments In Sports (HD)",
    "https://www.youtube.com/watch?v=855T_q714WA": "The Greatest Sports Moments of 2016 Pt. 2 ᴴᴰ",
    "https://www.youtube.com/watch?v=VQpQtSjqWSM": "10 Reasons Football Is The Greatest Sport On Earth!",
    "https://www.youtube.com/watch?v=btWIF0LignA": "10 Of The Greatest Olympic Moments Ever | Top Moments",
    "https://www.youtube.com/watch?v=C0dQA2_eR_w": "Who Had The Greatest Season In Football History?",
    "https://www.youtube.com/shorts/PptWcMvqboE": "The Invincibles! Vieira names greatest Premier League moment 😍 #shorts",
    "https://www.youtube.com/watch?v=VbwfPqfkkMM": "Picking the GREATEST XI from the last 30 years of cricket! | Battle Of The Eras",
    "https://www.youtube.com/watch?v=flpksJcXqlE": "The Greatest Sports Moments of 2018 ᴴᴰ",
    "https://www.youtube.com/watch?v=ZgiG5gHiAq4": "Top 50 Greatest Curling Shots & Moments",
    "https://www.youtube.com/watch?v=V0wy2R5_y4U": "Greatest US Sports Moments (2010-2016)",
    "https://www.youtube.com/shorts/mE-d2sYmLfo": "What Is The GREATEST Sports Of All Time Football⚽️ 🆚 Cricket🏏?? 🤯🤔 #cricket #football",
    "https://www.youtube.com/watch?v=69ZFRjy0Dcg": "Neville & Carragher debate the GREATEST English team of all time! | Monday Night Football",
    "https://www.youtube.com/watch?v=GDIc_HAwnAw": "Greatest \"1 in a Million\" Moments in Sports History",
    "https://www.youtube.com/watch?v=dCtXOfhjyf8": "Greatest Sports Moments (2000-2017)",
    "https://www.youtube.com/watch?v=d9QsIblGM_Q": "10 Greatest Signature Moves In Football History Pt. 2",
    "https://www.youtube.com/watch?v=g6a3qt5LiTA": "Greatest Sport Moments 2016!",
    "https://www.youtube.com/shorts/80exxvWMGeY": "less than 1 Minutes of Greatest Football Comebacks Ever",
    "https://www.youtube.com/watch?v=DV_QF0hdqrk": "Greatest Moments in Sports History: 100 Years of the Most Remarkable Players,Teams and Memories",
    "https://www.youtube.com/shorts/514qVLEuC44": "Messi Showed Them Who is The GOAT | Greatest Sports Moments #Shorts",
    "https://www.youtube.com/shorts/ziYM23LeLbE": "Football is the greatest sports of all time",
    "https://www.youtube.com/watch?v=FodQB-EWbEk": "The Greatest Cars of The 20th Century | The Greatest Ever | Spark",
    "https://www.youtube.com/watch?v=aQRKx1_3TIM": "Greatest Sports Moments In World History | Last Page Readers",
    "https://www.youtube.com/watch?v=VUzenR5DTQ4": "MIRACLE - The Greatest American Sports Moment of All Time",
    "https://www.youtube.com/watch?v=TlvMFVTa5vs": "The Greatest Sports Moments",
    "https://www.youtube.com/watch?v=UpUMeSwTsRs": "Colin Kaepernick & Cam Newton's Greatest Sports Moments",
    "https://www.youtube.com/watch?v=XiH7aiPRwkU": "MLB | Greatest Moments",
    "https://www.youtube.com/watch?v=4yBvw44HA1Q": "Canada's Greatest Sporting Moments",
    "https://www.youtube.com/shorts/mkfil9dBGVw": "Greatest Inauguration  event ever in sports #sports #football",
    "https://www.youtube.com/watch?v=KWGlO7o6EGY": "10 Greatest Dribblers In Football History",
    "https://www.youtube.com/shorts/mDaeKZayoSg": "One of the greatest basketball moments EVER! 😳 | #shorts",
    "https://www.youtube.com/watch?v=_LgUjOgJiX4": "Greatest Comebacks in College Football History Part 1",
    "https://www.youtube.com/shorts/KqJM9fubNd0": "But Football…. Is.. The Greatest Sport Of All Time 🥶🤩#shorts",
    "https://www.youtube.com/shorts/qj0BJBLm5HU": "Football is all About Deception | Greatest Sports Moments",
    "https://www.youtube.com/shorts/4IfsHQFAYQQ": "This is football the greatest sport of all time 💯 #short",
    "https://www.youtube.com/watch?v=hVuwys_M0Jc": "Why cricket is not added to the greatest sports event Olympics?  | Explain by Manav Dharia",
    "https://www.youtube.com/watch?v=x_YNLYy9uaM": "10 Greatest Brother vs. Brother Moments in Sports History",
    "https://www.youtube.com/shorts/X70A6pPZFH8": "Football Players Headbutting Each Other | Greatest Sports Moments #Shorts",
    "https://www.youtube.com/watch?v=u2J4aM24_tA": "Sachin Tendulkar | Greatest Sports Moments Of Tendulkar | Sachin Records in Cricket 2020",
    "https://www.youtube.com/watch?v=Si2XlDhigFU": "Greatest Sports Moments! Antara Annual Sports 2019",
    "https://www.youtube.com/watch?v=8BtEUjBicac": "Top 10 Greatest Individual Performances In Football History",
    "https://www.youtube.com/watch?v=_R18RCp_QD0": "Is this Manchester City squad the greatest in Premier League history? | The Football Show",
    "https://www.youtube.com/shorts/vQzAH7ACn5U": "Is Football Greatest Sport? SIKE : It's Cricket 🏏 😎💯  Sigma Rule #shorts #cricket",
    "https://www.youtube.com/watch?v=VPdUiLWq1D8": "The Greatest Play in Sports History?",
    "https://www.youtube.com/watch?v=fuSM36CNb3Q": "Greatest Olympic Moments Ever",
    "https://www.youtube.com/shorts/tnpYYVFjOQo": "Greatest Cricketer from each continent #cricket #shorts #sports #ipl #ipl2022",
    "https://www.youtube.com/shorts/X78Anv5PK_g": "FOOTBALL IS THE GREATEST SPORT OF ALL TIME 🥶💥 #shorts #football #fifa",
    "https://www.youtube.com/shorts/COYH226sVeM": "Football is the greatest sport  EVER ⚽♥️",
    "https://www.youtube.com/watch?v=QlVX4kHLAfM": "St.Louis Blues Win The Greatest Trophy In Sports | The Jim Rome Show",
    "https://www.youtube.com/watch?v=f_7YBHbDpDM": "Greatest Moments In Men's Tennis",
    "https://www.youtube.com/watch?v=XLX5YtgiSTI": "25 greatest Royal Rumble Match moments: WWE Top 10 Special Edition, Jan. 23, 2021",
    "https://www.youtube.com/shorts/MlWLGLUzxHA": "But Football is one of the greatest sports of all time...",
    "https://www.youtube.com/watch?v=Qk-vmATAuuI": "The Greatest and Most Emotional Moments in Sports History",
    "https://www.youtube.com/watch?v=P4zfqliV8YU": "The Rock’s 25 greatest moments: WWE Top 10 Special Edition, Nov. 4, 2021",
    "https://www.youtube.com/watch?v=xoXK0hviiSE": "Greatest Moments of Korean Sports History",
    "https://www.youtube.com/shorts/fUeHZsY-O_U": "Football - The greatest sport on the planet",
    "https://www.youtube.com/watch?v=sO5WjLJWVBk": "Athletics Greatest Moments | BC Magazine",
    "https://www.youtube.com/watch?v=n1PhCPqMK40": "Golf's Greatest Shots & Moments",
    "https://www.youtube.com/shorts/lH6976pgNTw": "Greatest captain from every country #cricket #shorts #sports #ipl #ipl2022",
    "https://www.youtube.com/watch?v=OZIFll3ud-Y": "Greatest sports moments - M83 Outro FULL HD",
    "https://www.youtube.com/watch?v=I9S7nD-6ENc": "Brazil v Argentina | One of the Greatest Rivalries in World Football",
    "https://www.youtube.com/watch?v=e1RTunhQrdQ": "sports day Highlights live ,top greatest sports moments 2020,sport play ,sports highligts on youtube",
    "https://www.youtube.com/watch?v=a4Av8rOHW3Q": "Secretariat: The greatest win ever | Flashpoint",
    "https://www.youtube.com/watch?v=rq3BQAy4B5Q": "The Greatest Era of Football - Cristiano Ronaldo & Lionel Messi - HD",
    "https://www.youtube.com/watch?v=tULim4o1zAY": "Meet The *NEW* Greatest Football Family!!! | Sharpe Sports",
    "https://www.youtube.com/shorts/B2tedFRLXgM": "Football is the Greatest Sport of all the time ⚽🔥|| #shorts #football #footballshorts #tomholland",
    "https://www.youtube.com/watch?v=mt7SZyvpGDA": "20 greatest Brock Lesnar moments: WWE Top 10 Special Edition, March 17, 2022",
    "https://www.youtube.com/watch?v=_4iGoaogRvA": "NFL AIRBORNE MOMENTS OF ALL TIME | GREATEST SPORTS HIGHLIGHTS EVER",
    "https://www.youtube.com/watch?v=D5GxJZae-9Q": "World's Biggest, Greatest and Best Sporting Moments",
    "https://www.youtube.com/watch?v=iVtABHXcJMU": "Greatest Man Utd vs Arsenal FanZone moments EVER!",
    "https://www.youtube.com/watch?v=ion0hCOIiyo": "12 Greatest Office Sports Moments | The Office | COZI Dozen",
    "https://www.youtube.com/watch?v=of1UYFZw6Ws": "MEILLEURS MOMENTS DU SPORT/GREATEST SPORTS MOMENTS",
    "https://www.youtube.com/watch?v=VDeyEM9xWRw": "NFL AIRBORNE MOMENTS OF ALL TIME | GREATEST SPORTS HIGHLIGHTS EVER! HD 2",
    "https://www.youtube.com/watch?v=VZr_ONnHawI": "\"IT'S THE GREATEST SPORTING ACHIEVEMENT!\"🏆 Jim, Simon and Danny discuss Emma Raducanu's US open win",
    "https://www.youtube.com/watch?v=0PUj55zNXBg": "WGN's Pat Tomasulo: The Greatest Sports Moments: He's in 'Em",
    "https://www.youtube.com/shorts/5nksSzKjHjg": "Greatest Captain From Every Country (part 2) #cricket #shorts #sports #cricketshorts",
    "https://www.youtube.com/watch?v=47ltVa87lc0": "The Greatest Clickbait Sports Moment (July 28, 2022)",
    "https://www.youtube.com/watch?v=QwupzMeyubM": "Australia's Greatest Sporting Moments 2",
    "https://www.youtube.com/watch?v=of7BXxd0HXk": "Washington Redskins Greatest Moments Of All Time Part 1 ᴴᴰ",
    "https://www.youtube.com/watch?v=bPE72N6mR3U": "The Greatest “WTF?!” Moments in Sports History",
    "https://www.youtube.com/watch?v=zKixGnG6IkM": "Rey Mysterio's greatest WWE moments: WWE Top 10, Feb. 3, 2018",
    "https://www.youtube.com/watch?v=ey3OtTDtunM": "Goldberg’s greatest moments: WWE Playlist",
    "https://www.youtube.com/watch?v=gJsvugPk82o": "Greatest moments in English sporting history",
    "https://www.youtube.com/shorts/MRAWn7xrZLk": "Why Football is the Greatest sport ever!",
    "https://www.youtube.com/watch?v=09nbc6sr7Xg": "The Greatest Comeback in Football History | Super Bowl 51: Patriots vs. Falcons",
    "https://www.youtube.com/watch?v=s8OfDDBs87g": "The World's Greatest Wiffle Ball Tournament",
    "https://www.youtube.com/shorts/JBEwHGYY83Q": "greatest fake in football history. #football #soccer #sports",
    "https://www.youtube.com/watch?v=1yT9LC6-i64": "The Undertaker's 20 greatest moments - WWE Top 10 Special Edition",
    "https://www.youtube.com/watch?v=BiTqHtfkTUM": "\"My greatest moment in an England shirt\" - David Beckham on his goal against Greece",
    "https://www.youtube.com/watch?v=nSB8xHT4ITQ": "Top 10 Greatest Tom Brady Moments of All Time",
    "https://www.youtube.com/watch?v=lp1VoovPCDQ": "The Greatest Moments In Sports History Aren't What You Think | Workball",
    "https://www.youtube.com/watch?v=zvb7Fur57Z4": "Jorg Albertz scores a SCREAMER  | Masters Football GREATEST goals",
    "https://www.youtube.com/watch?v=YmmZuEbXWBg": "OMG! Greatest Feud moment ever? | Celebrity Family Feud",
    "https://www.youtube.com/watch?v=-RcdynucS-I": "Conor McGregor's Greatest Press Conference Moments",
    "https://www.youtube.com/watch?v=y4aDNUPEXz8": "Greatest Comebacks and Collapses in Sports History | NFL Network | Good Morning Football",
    "https://www.youtube.com/shorts/D246fYx0vJM": "Greatest moment in sports you have witnessed Pt. 1",
    "https://www.youtube.com/watch?v=YOG7kFR8Hp8": "Serena Williams' 40 Greatest Moments! | US Open",
    "https://www.youtube.com/shorts/sHxiLUR_vFQ": "Best catch in rainy cricket | Must watch     #cricket #video #catch #india #cricketvideos  #best",
    "https://www.youtube.com/watch?v=TRTD5UPDXP4": "A NEW YEAR 2021 GREATEST MATCH INDIA VS PAKISTAN GAMEPLAY",
    "https://www.youtube.com/shorts/di50buwwoHU": "The greatest ever in cricket #cricket #shorts #icc",
    "https://www.youtube.com/shorts/BXO7h7Cuq-I": "Greatest Moment From Every NBA Team! (T-Wolves)",
    "https://www.youtube.com/shorts/wR1U_V6a0TU": "Randy Ortan Greatest Moments In WWE History ♥️ 😵 #rko #randyorton #wwe #fight #wrestling #shorts",
    "https://www.youtube.com/watch?v=cowXp8CoC7o": "20 INAPPROPRIATE AND EMBARRASSING MOMENTS IN SPORTS!,Greatest Sports Moments",
    "https://www.youtube.com/shorts/1BLtlsyAfl0": "The Greatest “Big Fella” Play EVER🤯🤯 #shorts",
    "https://www.youtube.com/shorts/TcjAoC-qTx0": "Randy Ortan Greatest Moments In WWE History ♥️ 😵 #rko #randyorton #wwe #fight #wrestling #shorts",
    "https://www.youtube.com/shorts/CI04Eh-R4zc": "Randy Ortan Greatest Moments In WWE History ♥️ 😵 #rko #randyorton #wwe #fight #wrestling #shorts",
    "https://www.youtube.com/shorts/puPYSpvn7Oc": "Greatest Play in NBA History 🤯",
    "https://www.youtube.com/shorts/PDcfZj-qO80": "Randy Ortan Greatest Moments In WWE History ♥️ 😵 #rko #randyorton #wwe #fight #wrestling #shorts",
    "https://www.youtube.com/shorts/INQOvTiUrSI": "#poojasihag #sports #cwg2022 #bronze  #winner  #commonwealthgames2022 #wrestling #shorts #gkgskhoj",
    "https://www.youtube.com/shorts/R9zWB7KeQms": "#champion #sports #cwg2022 #bronze  #winner  #commonwealthgames2022 #boxing #gk #shorts #gkgskhoj",
    "https://www.youtube.com/shorts/aBVnsXm4fWI": "#eldhosepaul #sports #cwg2022 #gold #winner  #commonwealthgames2022 #medal #boxing #shorts #gkgskhoj",
    "https://www.youtube.com/watch?v=b_LXG1iD2iw": "INDIAN ACHINTA SHEULI WINS GOLD 🥇 MEDAL IN COMMONWEALTH GAMES,Weightlifting 73 kg men's..."
}