{
    "https://www.youtube.com/watch?v=2DKyxbtg4Xs": "Russian tourists visiting Europe by road after the EU banned air travel from Russia | WION",
    "https://www.youtube.com/watch?v=mWDUhE6NDxk": "London Complete Travel Guide - England Travel Ideas - Bucket List",
    "https://www.youtube.com/watch?v=Wst_eCXjma0": "Diana and Roma Travel - Video compilation about fun family trips",
    "https://www.youtube.com/watch?v=vNQR3ixE8AE": "10 Best Places to Visit in Thailand - Travel Video",
    "https://www.youtube.com/watch?v=_drFdYSVOEA": "Canada Travel Guide 2022 - Best Places to visit in Canada in 2022",
    "https://www.youtube.com/watch?v=C2EtUGphL04": "Top 100 Places To Visit In The USA - 4K Travel Guide",
    "https://www.youtube.com/watch?v=lznP52OEpQk": "Paris Travel Guide  - Best Things To Do in Paris",
    "https://www.youtube.com/watch?v=YwEKIl3qQzA": "Non-Stop Road Trip Jukebox | SICKVED | Best Travelling Songs | Bollywood",
    "https://www.youtube.com/watch?v=CxuiFNYnEr4": "10 Best Places to Visit in Japan - Travel Video",
    "https://www.youtube.com/watch?v=wSHXd-K-jIk": "10 Best Places to Visit in England - Travel Video",
    "https://www.youtube.com/watch?v=IgAnj6r1O48": "10 Best Places to Visit in India - Travel Video",
    "https://www.youtube.com/watch?v=TUQffSYGyV8": "PORTUGAL TRAVEL DOCUMENTARY | 4x4 Road Trip",
    "https://www.youtube.com/watch?v=HWGzQlrJOqM": "Top 10 Places to Visit in India - Travel Video (Documentary)",
    "https://www.youtube.com/watch?v=IwtNFzX0ni8": "10 Best Places to Visit in Indonesia - Travel Video",
    "https://www.youtube.com/watch?v=L5JORXmV_A0": "10 Best Places to Visit in Spain - Travel Video",
    "https://www.youtube.com/watch?v=lqDMR32jb98": "Top 10 Places To Visit In Slovenia - Travel Guide",
    "https://www.youtube.com/watch?v=-SL2OSLZXSg": "100 Places You Need to Visit Before You Die. United States Travel",
    "https://www.youtube.com/watch?v=kidwSFte8-E": "Life Lessons from the Youngest Person to Travel to Every Country | Lexie Alford | TEDxKlagenfurt",
    "https://www.youtube.com/watch?v=YLYRSVFN5go": "Top 7 INCREDIBLE Travel Destinations of 2022 | Where to Travel This Year!",
    "https://www.youtube.com/watch?v=0GZSfBuhf6Y": "25 Best Places to Visit in Europe - Travel Europe",
    "https://www.youtube.com/watch?v=32AciEK2P5Y": "10 Best Countries to Visit in Africa - Travel Video",
    "https://www.youtube.com/watch?v=sRyslbdtT90": "31 INSANELY AFFORDABLE Budget Travel Destinations to VISIT NOW",
    "https://www.youtube.com/watch?v=9U6FRyzIvUI": "TRAVEL HACKS AND PACKING TIPS FOR YOUR NEXT TRIP || How to Fit a Whole Life in a Suitcase",
    "https://www.youtube.com/watch?v=v9-5Z0wMUXQ": "BEST TRAVEL HACKS & EMERGENCY TIPS FOR PARENTS || POSITIVE PARENTING GUIDE",
    "https://www.youtube.com/watch?v=MZO4B1RZU5g": "10 Best Places to Visit in Ireland - Travel Video",
    "https://www.youtube.com/watch?v=yZG6Ep0EixE": "9 LIFE Saving TRAVEL Hacks You Must Know | #Travel #Trip #Journey #Anaysa",
    "https://www.youtube.com/watch?v=-DwcV8bZdM4": "Simple Travel Hacks That You’ll Want To Know Before Your Next Trip",
    "https://www.youtube.com/watch?v=b7FNvq11CEw": "25 Best Places to Visit in the USA - Travel Video",
    "https://www.youtube.com/watch?v=YvF1U2XRfrQ": "The Coorg Travel Planner: Things To Do In Coorg, Best Hotels In Coorg, Coorg Trip Budget | Tripoto",
    "https://www.youtube.com/watch?v=sKDQFvw-wrM": "10 Best Places to Visit in Malaysia - Travel Video",
    "https://www.youtube.com/watch?v=cSzqnxYiMzc": "Roma and Diana Travel - Compilation Video about fun family trips",
    "https://www.youtube.com/watch?v=8snSfkaHm1U": "Arrested in North Korea | Scary Travel Stories",
    "https://www.youtube.com/watch?v=UWKhvzdnctY": "15 Best Countries to Visit in Asia - Travel Video",
    "https://www.youtube.com/watch?v=XRmBFgyaXHc": "Busan Vlog 🏖 Cafe hopping, Surfing, Food, Beach | Korea Travel Vlog 🇰🇷",
    "https://www.youtube.com/watch?v=MQROYY0dY9A": "10 Best Places to Visit in Florida - Travel Video",
    "https://www.youtube.com/watch?v=stGfw_T821g": "10 Best Places to Visit in Scotland - Travel Video",
    "https://www.youtube.com/watch?v=C4E7XhmgbzU": "AMAZING VACATION HACKS AND DIY TRAVEL TIPS || Cool Hacks For The Best Vacation by 123 GO! SERIES",
    "https://www.youtube.com/watch?v=KlX9W7BECNI": "BEST TRAVEL HACKS & EMERGENCY HACKS FOR PARENTS || HUGE PARENTING GUIDE",
    "https://www.youtube.com/shorts/FrUy0NhBVCc": "✈️ Travel hacks for a Plane trip #Shorts",
    "https://www.youtube.com/watch?v=VoBBHAw4EuU": "25 Best Cities to Visit in Asia - Travel Video",
    "https://www.youtube.com/watch?v=n7ND0M04iHc": "15 Cheapest Countries To Visit From India | Budget Travel | Tripoto",
    "https://www.youtube.com/watch?v=02jQiIkEGh8": "Top 100 Places To Visit In Italy - Ultimate Travel Guide",
    "https://www.youtube.com/watch?v=wAppCTDtW3Y": "10 Best Places to Visit in the Netherlands - Travel Video",
    "https://www.youtube.com/watch?v=Jdpx9exnxIg": "Best Travel Tech/EDC Accessories - 2022",
    "https://www.youtube.com/watch?v=cQsQ8WGgpsc": "DISNEY Travel Vlog ft our Lenovo 300e Chromebook! | Making a Splash at a Hotel WATER PARK!",
    "https://www.youtube.com/watch?v=9T49_LduzpQ": "Top 10 Places To Visit In Germany - 4K Travel Guide",
    "https://www.youtube.com/watch?v=KmNNS-EsgT0": "10 Best Places to Visit in Argentina - Travel Video",
    "https://www.youtube.com/watch?v=o0PT6bOwfFM": "10 Best Places to Visit in Belgium - Travel Video",
    "https://www.youtube.com/watch?v=RgKJPSkS4cs": "Amazing Places to visit in New Zealand - Travel Video",
    "https://www.youtube.com/watch?v=ADlphVqHg18": "New Love Songs 2021 - Music Travel Love Greatest Hits - Best Love Song Cover By Music Travel Love",
    "https://www.youtube.com/watch?v=xKvwwo5wwSE": "Top 10 Places To Visit In Sardinia - Travel Guide",
    "https://www.youtube.com/watch?v=0yFLDOCoEHE": "The best songs of MUSIC TRAVEL LOVE - MUSIC TRAVEL LOVE full album 2020",
    "https://www.youtube.com/watch?v=ZjFzkhrqIZs": "10 Best Places to Visit in the Philippines - Travel Video",
    "https://www.youtube.com/watch?v=dNU1lJiDaSY": "10 Best Places to Visit in Texas - Travel Video",
    "https://www.youtube.com/watch?v=YrNxPr4PKQo": "10 Best Places to Visit in Russia - Travel Video",
    "https://www.youtube.com/watch?v=zNx5F8htBvo": "10 Best Places to Visit in South Africa - Travel Video",
    "https://www.youtube.com/watch?v=OHsg-0i6rYQ": "10 Best Places to Visit in Washington State - Travel Video",
    "https://www.youtube.com/watch?v=rETpXdTbAzo": "Top 10 Places To Visit In France - 4K Travel Guide",
    "https://www.youtube.com/watch?v=huTUpPE9J4M": "Oregon Coast Road Trip Vacation Travel Guide | Expedia",
    "https://www.youtube.com/watch?v=fpVsrsvwe4M": "10 Best Places to Visit in New Mexico - Travel Video",
    "https://www.youtube.com/watch?v=nf-1mDS_-sY": "TURKEY TRAVEL (2022) | 10 AMAZING Travel Destinations in Turkey",
    "https://www.youtube.com/watch?v=W65HfgTMijo": "Worst Airports and Airlines for Delays  - 10 Travel Tips on Flight Disruption",
    "https://www.youtube.com/watch?v=2vqvBzb0xJY": "Amazing Places to Visit in Turkey - Travel Video",
    "https://www.youtube.com/watch?v=XxyTw4-I6jE": "Barbie Family Vacation - Airplane Travel Routine & Beach Hotel",
    "https://www.youtube.com/watch?v=U95vNX_aVbA": "HOW TO TRAVEL THE WORLD FOR CHEAP // travelling on a budget",
    "https://www.youtube.com/watch?v=KbUlUtysGEk": "Travel Vlog and Hacks | Disney Imagine That Set Visit | MyMissAnand",
    "https://www.youtube.com/watch?v=LWNzK09quks": "10 Beautiful Places to Visit in Ireland 4k 🇮🇪  | Must See Ireland Travel Video",
    "https://www.youtube.com/watch?v=6zEIvZqs0-Y": "Top 10 Beautiful Places to Visit in Sweden - Sweden Travel Video",
    "https://www.youtube.com/watch?v=Cgu5yWCwJNo": "Where To Travel for CHEAP in 2022 | BEST BUDGET TRAVEL DESTINATIONS",
    "https://www.youtube.com/watch?v=VtXuGg0Qkro": "10 Best Places to Visit in Montenegro - Travel Video",
    "https://www.youtube.com/watch?v=7ynRqqVbsPg": "FIRST INTERNATIONAL FLIGHT? : Travel Tip, Airport Walk, Flight Preparation | Jen Barangan",
    "https://www.youtube.com/watch?v=a8dHAGQ0hLY": "Top 10 Places To Visit In Romania - Travel Guide",
    "https://www.youtube.com/watch?v=j32RezXacYM": "Top 25 Places To Visit In Germany - Travel Guide",
    "https://www.youtube.com/watch?v=a-xY_3lnrnw": "THAILAND TRAVEL VLOG SERIES EP 3: Food Trip in Thailand | Jen Barangan",
    "https://www.youtube.com/watch?v=0XoT1z-gAQw": "10 Best Places to Visit in Hawaii - Travel Video",
    "https://www.youtube.com/watch?v=yKOQV43bCh4": "10 Best Places to Visit in New York State - Travel Video",
    "https://www.youtube.com/watch?v=zyfK9iMhal4": "Why You Must Travel to Nepal🇳🇵 A Travel Story - 12 Must Visit Places in 2022 #Nepal  [Nepal in 4K]",
    "https://www.youtube.com/watch?v=2j1Yw_P9nPk": "How To Pack A Carry-On to Travel Europe 2022 | Travel Packing List Download | AWAY Carry-On",
    "https://www.youtube.com/watch?v=80idyFpKot0": "The best songs of MUSIC TRAVEL LOVE - Popular Songs NonStop Playlist 2022",
    "https://www.youtube.com/watch?v=9nPFq3IX9I0": "CORSICA TRAVEL DOCUMENTARY | 4x4 Road Trip on the Island of Beauty",
    "https://www.youtube.com/watch?v=Z2p3_aYrHxw": "SURPRiSE TRAVEL DAY!!  Barely Missed our Bags but made our Flight! Disney Crafts & Family Vacation!",
    "https://www.youtube.com/watch?v=PblqCFAn0y0": "Travel (Travel)",
    "https://www.youtube.com/shorts/2-GedXQuFz8": "WHEN YOU TRAVEL TO ANOTHER COUNTRY WITH AN ACCENT 😭😭",
    "https://www.youtube.com/watch?v=f764GhZlSXQ": "Travelling Essay in English 10 Lines || Travelling Short Essay",
    "https://www.youtube.com/shorts/C0hpTIUEUAc": "இது Train 🚆 ah illa Roatu கடை ya ⁉️🤯🤣 #danjrvlogs #shorts #train #travel #trending #fun",
    "https://www.youtube.com/watch?v=jCJEx6S2Igo": "The BEST ISLANDS In Thailand 🇹🇭 Travel Guide 2022",
    "https://www.youtube.com/watch?v=H4y5ydsnMuk": "The Ultimate Sydney Travel Guide | MUST VISIT Places in NSW",
    "https://www.youtube.com/watch?v=LwlNRaNhVsc": "Disney Wish Vlog Series | Day 1 | Travel Day & Pop Century | Disney Cruise Line | August 2022",
    "https://www.youtube.com/watch?v=gKZIm5fwjCA": "TRAVEL VLOG | Exploring the South of France 🇫🇷 Nice, Monaco, Menton, Eze & More.",
    "https://www.youtube.com/watch?v=xVr7szzREJs": "travel with me to nice, france | ultimate gal’s trip to the french riviera pt. 1",
    "https://www.youtube.com/watch?v=7UDqayv-SQw": "THAILAND TRAVEL VLOG SERIES EPISODE 1: BANGKOK TRAVEL GUIDE (itinerary +expenses) | Jen Barangan",
    "https://www.youtube.com/watch?v=10Hsz1yyOoQ": "Best Luxury Vacation | Top 10 Luxury Travel Destinations | Luxury Travel Places",
    "https://www.youtube.com/shorts/ewovos7eXws": "Anushka Sen | in NEST HOTEL | God of Travel | #shorts",
    "https://www.youtube.com/watch?v=ENd_IhFCpQ8": "TRIP TO MOUNTAIN Part 2 | Travel Vlog with Aayu, Pihu, Bua & Praavi | Patnitop | Aayu and Pihu Show",
    "https://www.youtube.com/watch?v=k9uQ_jwu1k8": "London Travel Vlog - First stop on my month long Europe trip | Sanne Vloet",
    "https://www.youtube.com/shorts/zEIXyytw65E": "Teja oooo Train 🚆 la Travel Panni Irukeengala ⁉️🤑🤣 #danjrvlogs #shorts #fun #train #travel",
    "https://www.youtube.com/watch?v=tHpji-mCErg": "Why is it Important to Travel? || Why should we Travel || Travelling Blog || Travelling for you! ||",
    "https://www.youtube.com/watch?v=H84v3y2OaCU": "Benefits of Travelling | Why Travelling Is Important",
    "https://www.youtube.com/watch?v=wkVmSdzPLoQ": "Greece Travel Vlog 2022 || affordable travel! cliff jumping, yacht trip",
    "https://www.youtube.com/watch?v=kNyEI-2udxs": "Hawaii Travel Guide - 13 Tips for a FANTASTIC Trip to Oahu",
    "https://www.youtube.com/watch?v=-uX-i-Vsjsw": "5 Best Travel Backpacks For One-Bag Travel [2022 Guide]",
    "https://www.youtube.com/watch?v=flWxP7Kw3YA": "Why Klay owes Dray money, NBA all-time starting 5, Warriors travel stories | Best of Draymond Green",
    "https://www.youtube.com/watch?v=Hfoi76YbnzA": "ROYALTY FREE Travel Pop Music / Travel Video Background Royalty Free Music by MUSIC4VIDEO",
    "https://www.youtube.com/watch?v=tLwC4jYst-w": "NYC Travel Guide | Manhattan Best things to do",
    "https://www.youtube.com/watch?v=DHnaH8vWa4w": "Best Survival Hacks For Your Next Camping Trip || Travel Gadgets, Emergency Hacks, Camping DIYs",
    "https://www.youtube.com/watch?v=oH3Tk31lwus": "Walt Disney World Vlog | Solo Budget Trip June 2022 ✈️ Day 1 Travel Day & Disney Springs",
    "https://www.youtube.com/watch?v=HBhNKsoy87g": "Best of Joe & James Acaster in the The Basque Country | Travel Man",
    "https://www.youtube.com/watch?v=SzWtVTuugEg": "Fastest ASMR | Travel Agent, Drawing You, Tattoo Artist, Hotel, Bank, Orthodontist, Tutor & More!",
    "https://www.youtube.com/watch?v=bp0c-UHSmhY": "Essential Travel Money Tips",
    "https://www.youtube.com/watch?v=U2tfTstppa4": "THAILAND TRAVEL VLOG SERIES EP 2: Chiang Mai Travel Guide (itinerary + expenses) | Jen Barangan",
    "https://www.youtube.com/shorts/bcNDppGx618": "How I travel with my one year old 🖤✈️ #travel #travelwithbaby",
    "https://www.youtube.com/watch?v=-0V9XKbtTwo": "AUSTRIA with HD 8K ULTRA (60 FPS)- Travel to the best places in Austria with relaxing music 8K TV",
    "https://www.youtube.com/watch?v=GQcCzQ0AqV4": "NEW music Travel Love Songs - Perfect Love Songs - Best Songs of Music Travel Love 2021",
    "https://www.youtube.com/shorts/NI9q00dXsYk": "Kenny and Trace travel to Switzerland & France for their honeymoon! #comedy #travel #shorts",
    "https://www.youtube.com/watch?v=FOPRQUvmzWM": "ITALY to INDIA by ROAD on Benelli TRK502x | SILK ROUTE | Travel Vlog | 10 Countries |@Zero HighWays",
    "https://www.youtube.com/watch?v=47xQXmRH6do": "Music Travel Love Best Songs Compilation - Music Travel Love Songs - Popular Songs 2022",
    "https://www.youtube.com/shorts/D1LgT1HxdCM": "What's been your best travel memory?",
    "https://www.youtube.com/watch?v=BNKQfuxipkw": "Kejriwal Singapore Visit Row: Do Ministers Require Centre Government's Permission To Travel Abroad?",
    "https://www.youtube.com/watch?v=BvBF73sAnWs": "BARCELONA SOLO TRAVEL VLOG // rooftops, exploring, food markets, shopping, insane montserrat trip!",
    "https://www.youtube.com/watch?v=CaQuyJrQHlE": "Journey Travel vlog FIRST VLOG Travel memory",
    "https://www.youtube.com/watch?v=nHSa_5HiyfY": "WORLD TRAVEL VLOG | CINEMATIC TRAVEL VLOG | duniya ghuma cinematic video",
    "https://www.youtube.com/shorts/_2hhpV2R8XI": "Horizon look amazing ❤️🌴✈️🌊 | Travel Post #viral #trending #shorts #travel #clouds #vacation",
    "https://www.youtube.com/watch?v=lfsW7WTCYx4": "BARCELONA TRAVEL VLOG 🥝 girl's trip, more shopping, fun things to do, exploring the city!",
    "https://www.youtube.com/watch?v=_X_nbaF3INA": "107 Indians travel to China post COVID; First special flight lands in Hangzhou after two years",
    "https://www.youtube.com/watch?v=NFlheaIQccw": "Airport Diaries: Celebrities bring best fashion forward for travelling",
    "https://www.youtube.com/shorts/ke2cMx0jtM8": "on the way | Ghoomne Wala | Best Of Journey #travel #nature #clouds #subscribe",
    "https://www.youtube.com/shorts/PPc8eZiW0W0": "calangute beach के इस अनोखे बार में गए #livemusic #goa #goavlog #travel #travelvlog",
    "https://www.youtube.com/watch?v=AiWWH8LqQqk": "#Travel Log 1 - North America: #Alberta to #California",
    "https://www.youtube.com/shorts/jyv0JJQgjJQ": "The Largest Cruise Ship in the World | #Shorts | #Vlogs | #Cruise | #Ship",
    "https://www.youtube.com/watch?v=DgWfnB8QEZE": "Barcelona beach walk 2022 / Barcelona central beaches 🇪🇸🏖️Spain best beaches",
    "https://www.youtube.com/watch?v=pCQ6hxnRER4": "Mukteshwar Road Trip",
    "https://www.youtube.com/watch?v=T5eQ-Vo_3EQ": "OFFICIAL: Best Travelling Songs of Bollywood | Road Trip Songs | T-SERIES",
    "https://www.youtube.com/watch?v=ehmsJLZlCZ0": "Ep 1| Travelling through North East India | Off To Arunachal | The Journey Begins | Pasighat",
    "https://www.youtube.com/watch?v=Bzyfrk6pco0": "How To Make Money While Travelling💰 | Practical Ways Of Earning While Travelling | Visha Khandelwal",
    "https://www.youtube.com/watch?v=wxS0yKerLvc": "Travelling to Nigeria | One of the most Dangerous country | Travelling Mantra | Nigeria Part 1",
    "https://www.youtube.com/watch?v=2yaeuzLIK6I": "Night Time in Bahrain | Travelling Mantra | Bahrain Part 9",
    "https://www.youtube.com/watch?v=HA-WJYc4J9c": "Long Drive Mashup | Non-Stop JukeBox | Jay Guldekar | Road Trip Mashup | Romantic LoFi, Chill",
    "https://www.youtube.com/watch?v=iP8cX5hA_Gk": "Sikkim Tourism video , India | Travelling through North East India",
    "https://www.youtube.com/watch?v=Gv4F6S_Ot-I": "Travelling To The World's Most Expensive Country! (With 2 Babies Under 2)",
    "https://www.youtube.com/watch?v=ye4zDaEfUoc": "Earn Money While Travelling Full Time - 13 ways to earn income worldwide",
    "https://www.youtube.com/shorts/0vaKzlLU0js": "🖤🖤🖤🖤🖤Travelling🖤🖤🖤🖤#ooty #ootytrip #royalenfield #royalenfieldhimalayan #travel #travelling #nature",
    "https://www.youtube.com/shorts/uuBz61wTsO4": "दुनिया की सबसे खतरनाक भूतिया जगह😨😨#shorts #vlog #shortsvlog #travelling #travel",
    "https://www.youtube.com/watch?v=DMH_IDMXs4k": "Best Travelling Songs of Bollywood | Road Trip Songs | Bollywood Travel Songs",
    "https://www.youtube.com/watch?v=wDvrGC_xxIQ": "Tamil Travelling mood songs | New Tamil Road trip songs playlist from movie | NonStop Audio Jukebox🎧",
    "https://www.youtube.com/watch?v=TRGAzB858F8": "Travelling in Italy: Best Places to Visit",
    "https://www.youtube.com/watch?v=wVXrESjD0yU": "BOLLYWOOD ROAD TRIP SONGS / BOLLYWOOD LONG DRIVE SONGS/ BOLLYWOOD HINDI TRAVELLING SONGS",
    "https://www.youtube.com/watch?v=eYRq_LOLn34": "Travelling with Duggee | Duggee Best Bits | Hey Duggee",
    "https://www.youtube.com/watch?v=_gnGcXIY3ZA": "Night Life of The Most Dangerous Country Syria I Travelling Mantra | Syria Part 13",
    "https://www.youtube.com/watch?v=xWPdHYbcUj4": "SMART HACKS FOR THE BEST ROAD TRIP EVER! TRAVELLING HACKS by 5-minute REPAIR",
    "https://www.youtube.com/watch?v=LGP4-nJM3S4": "What girls pack while travelling VS What boys pack while travelling",
    "https://www.youtube.com/watch?v=-eDqYC7rHtk": "North Korea | Myths and Facts | Travelling Mantra",
    "https://www.youtube.com/watch?v=sWY8NBDVm94": "Paragraph on Travelling || essay on Travelling || রচনা-ভ্রমন",
    "https://www.youtube.com/watch?v=dkKcE6NcEQs": "Manali | Budget Trip To Manali | Kerala To Manali Travelling ideas | Low Cost Manali Trip | part 1",
    "https://www.youtube.com/watch?v=N9jNIYD-ufY": "BABY'S FIRST FLIGHT | Travelling With a 7 Month Old",
    "https://www.youtube.com/watch?v=2FuWrmSMlPY": "Our SOUTH AMERICA TRIP 🌎 | Travelling ARGENTINA, URUGUAY & CHILE: 3 Months Across 3 Countries! ✈️",
    "https://www.youtube.com/watch?v=MmaPI7aXyKU": "Summer Vibe Mashup - Parth Dodiya | Night Drive Mashup |  Travelling songs",
    "https://www.youtube.com/watch?v=KQO_vkCsN80": "How to get a TRAVEL JOB?  How I made travelling my career and so can you ! Travelocorn",
    "https://www.youtube.com/watch?v=mxBjJyU-EkQ": "Bhutan Budget Trip ki Full Cost | Travelling Paaji",
    "https://www.youtube.com/watch?v=Rp5Ojz5xKKg": "Road Trip Mashup  - Parth Dodiya | Best Travelling Songs | Bollywood Lofi & Chill 2022",
    "https://www.youtube.com/shorts/s8zvd2PwMUY": "Traveling 🚊🌍 #short #shorts #travelling #travel #foryoupage #viralshorts #views #like4like #explore",
    "https://www.youtube.com/watch?v=4vI4_oqWNuU": "How To Film Yourself While Travelling SOLO Using a Phone | How To Make A Travel Vlog with Phone📱",
    "https://www.youtube.com/watch?v=DlhYMUu7qiw": "BOLLYWOOD TRAVELLING SONGS | BOLLYWOOD ROAD TRIP SONGS | BOLLYWOOD DRIVING SONGS | HINDI ROAD TRIP",
    "https://www.youtube.com/watch?v=n5BgKwpX_fg": "Essay On Travelling In English|Short Essay about Travelling|Writing essay On Travelling||",
    "https://www.youtube.com/watch?v=h_BZjMiOk_s": "Old Bollywood Song For Travelling | Travelling song | Travel Song | Bollywood Songs | old songs",
    "https://www.youtube.com/watch?v=20nY1KhSckc": "Prayer For Safe Travel | For Protection & Travelling Grace",
    "https://www.youtube.com/shorts/cPK6c2-pOHM": "travelling status travelling vlog travelling background music travel photography",
    "https://www.youtube.com/watch?v=h3yyEiE9m0Y": "Road Trip Mashup 2 | SICKVED | Travelling songs | Sushant Singh Rajput | Kho gaye | Tum Ho",
    "https://www.youtube.com/watch?v=FFr0aIr_R5E": "He Had No Money For Travelling and Good Samaritan Found Him #shorts",
    "https://www.youtube.com/watch?v=GWlDkRRUGP0": "Importance Of Travelling Paragraph Writing |Essay On importance of Travelling |Benefit Of Travelling",
    "https://www.youtube.com/watch?v=-8fQfEhce0U": "Travelling The PHILIPPINES In 2022, Our TRAVEL DAY Going To BORACAY",
    "https://www.youtube.com/watch?v=bz2zY2NX_iY": "Best travelling songs for a perfect road trip | Travel playlist",
    "https://www.youtube.com/watch?v=uGVTg9LDwg4": "Travelling First Time to ISLAMIC REPUBLIC OF IRAN 🇮🇷 (Visa, Flight, Hotel, Immigration)",
    "https://www.youtube.com/watch?v=fmOP68S5v7c": "How Difficult is Travelling Japan without Japanese? | Travel Tips",
    "https://www.youtube.com/watch?v=YUl9FYXCg_k": "Dead Sea , budget, food, Transportation, Hotel , nightlife etc. | Travelling Mantra Jordan Part 6",
    "https://www.youtube.com/watch?v=Iaatdkf0BjM": "Travelling Day - Blue Road",
    "https://www.youtube.com/watch?v=qUJQ9pmuy8s": "Tips for first time travelling in flight in Tamil | Flight travel in Tamil",
    "https://www.youtube.com/shorts/TzjdkH3fcTw": "What to wear for travelling? ~ A Travel Outfit Guide |  Complete travelling OOTD",
    "https://www.youtube.com/watch?v=RqZ7jNCUnUI": "SOLO Girl Travelling to Singapore | I cried on the first day | Indian backpacker in South East Asia!",
    "https://www.youtube.com/watch?v=lfddrRZmK0k": "Best travelling songs of 70s ~ 70s road trip playlist",
    "https://www.youtube.com/watch?v=HDTzRTuZl5U": "Late Night Taxi - Hindi Short Film | A Story of a Girl Travelling Alone At Night",
    "https://www.youtube.com/watch?v=K2rbqSgpjC8": "A day in Amman Jordan | Capital of Jordan | Travelling Mantra Jordan Part 2 | Travelling Mantra",
    "https://www.youtube.com/watch?v=d_vblR48xTo": "Travelling North (1987) Trailer",
    "https://www.youtube.com/watch?v=A7gb9JL7grs": "Travelling to Country have Most Beautiful people in World||Belarus🇧🇾",
    "https://www.youtube.com/watch?v=PeKOt4KEOCw": "BEST Terraria Travelling Merchant Loot! Spawning and Farming Guide Terraria 1.4!",
    "https://www.youtube.com/watch?v=LZx0-h1K1iY": "Can We Travel Faster Than Light Speed in Telugu | Travelling at Light Speed | Telugu Badi",
    "https://www.youtube.com/shorts/xU8RfNzTBxY": "भविष्य से आई रहस्यमई महिला😱||Real Stories of Time Travelling |Space||Time Travelling| #shorts#viral",
    "https://www.youtube.com/watch?v=JH8HxSt4dIc": "FIRST TIME TRAVELLING TO VANCOUVER // 6-Day Travel Vlog (Metro Vancouver and Vancouver Island)",
    "https://www.youtube.com/watch?v=TUI6-9ZPgew": "My $0.80 Hotel Room In Himalayan Mountain Village (Budget Travel Nepal)",
    "https://www.youtube.com/watch?v=Lr6cNMYpQRQ": "Travelling with Road Master | Amin Hafeez",
    "https://www.youtube.com/watch?v=asBJ7rh0g9k": "Road Trip Mashup 2  - Parth Dodiya | Best Travelling Songs | Bollywood Lofi & Chill 2022",
    "https://www.youtube.com/shorts/zsHu5g_1hEA": "View from Elbphilharmonie Hamburg #travel #indian #indiansingermany #trending #travelling #germany",
    "https://www.youtube.com/watch?v=mflgqPngj9E": "Road Trip Mashup | Visual Galaxy | Ranbir Kapoor | Deepika Padukone | Best Travelling Songs #2022",
    "https://www.youtube.com/watch?v=EE37fTuk5cY": "Travelling - It leaves you speechless | Travelling Whatsapp Status Video | Travel Status Video",
    "https://www.youtube.com/shorts/0WkqNvTNx8c": "travelling is a best medicine 😇||#youtubeshorts #travel",
    "https://www.youtube.com/watch?v=3AySMrhTyNE": "Our Travelling experience in World’s Best and Luxurious Airport | Singapore to India Travel ❤️🛩",
    "https://www.youtube.com/watch?v=hZSyUDFiCDU": "Don't Ever Travel On These Days - Horrific Day Travelling From Kathmandu To Pokhara",
    "https://www.youtube.com/shorts/0-V3S8LLjNQ": "travel #travel #travelling #musafir #shorts #youtubeshorts #youtube#like #subscribe",
    "https://www.youtube.com/watch?v=vkRmreGgSNc": "Travelling as a hobby essay in english:describe travelling as a hobby:essay on travelling as a hobby",
    "https://www.youtube.com/shorts/pKiSUcbW65o": "School Time  ஆச்சி anna🥺😟 #school #travel #shorts #travelling",
    "https://www.youtube.com/shorts/vdtEuhjlDmY": "I miss travelling , Do you guys? #travelling #travel #traveling",
    "https://www.youtube.com/watch?v=gpqYesB5cao": "VLOG | TRAVELLING TO SYDNEY, NEW SOUTH WALES, AUSTRALIA | INTERNATIONAL STUDENT",
    "https://www.youtube.com/watch?v=mipBSgm76E0": "TRAVELLING 10 (saison 2) LE BEST OF",
    "https://www.youtube.com/watch?v=Xmeo-qVtLQk": "Coorg full tour plan | places to visit in Coorg | Budget Travelling | A-Z Details | Curly Bhavya",
    "https://www.youtube.com/watch?v=LtvZLcDIgMs": "Looney Tunes | Best Travelling Moments 🌎 | WB Kids",
    "https://www.youtube.com/shorts/6vVnfaEi-Cg": "Travel Vlog | Soon 🔜 #travelvlog #travelling",
    "https://www.youtube.com/watch?v=AkhTjPEX7eA": "VLOG • Travelling to 서울 Korea, Chilling at Hongdae, Subway Trains & Shopee Travel Haul",
    "https://www.youtube.com/shorts/iiywSXJ_z4E": "भविष्य से आई रहस्यमई महिला😱||Real Stories of Time Travelling |Space||Time Travelling| #shorts#viral",
    "https://www.youtube.com/watch?v=3CBWHH4RaLU": "NEXT 30 DAYS FOR YOU | LOVE  CAREER  MONEY HEALTH TRAVELLING YES/ NO  PSYCHIC READING TIMELESS",
    "https://www.youtube.com/shorts/O4sur7GbiQ4": "Travelling with a large family- best place to sit on the plane. Flight attendant tips",
    "https://www.youtube.com/shorts/UtcBYXROZQ4": "riyadh city top speed road #short #travelling #yoububeshort #15august",
    "https://www.youtube.com/shorts/zxeEY_sAO2Q": "Mountains | Hills | Trees | Forest | Travel Vlogs | Travelling | Wander Life",
    "https://www.youtube.com/shorts/5r_1p44oXHA": "#enjoy your #life 😍😍 #live ❤❤ #travel #travelling #shorts #shorts #trending #youtubeshorts #happy",
    "https://www.youtube.com/watch?v=4W-_RKd5H7k": "Monsoon Trip Mashup - Parth Dodiya | Best Travelling Songs | Bollywood Lofi & Chill 2022",
    "https://www.youtube.com/shorts/jzQsk-dB0Bc": "This castle is EPIC! 🏰 #travel #cornwall #uk #england #travelling #travelvlog #history",
    "https://www.youtube.com/shorts/rUP7qIjoFpw": "#goumigoumi #goumi #goumingrui #travel #travelvlog #traveling #travelling",
    "https://www.youtube.com/watch?v=6sOUkKMCACE": "First Time Bodo Boy HITCHHIKING Kokrajhar to Guwahati || Zero Money Travelling Challenge",
    "https://www.youtube.com/shorts/TtFyX35nHHY": "Leh Ladakh With Bullet Trip Whatsapp Status ❤Bike Whatzapp Status❤ #ladakh #travelling #trip #shorts",
    "https://www.youtube.com/shorts/xKdzHaKODxI": "Travelling is FUN ❤️ || Nagma Mirajkar #Shorts",
    "https://www.youtube.com/watch?v=_jq9HXw7rFI": "Cooking with Mom and Grandmas ❤ Travelling for food | My Hotel Tours and Safari experience",
    "https://www.youtube.com/shorts/_lQnBH1-DVY": "Heavan😌😌 #mountains #nature #natural #heaven #travel #travelphotography #travelling #jammu",
    "https://www.youtube.com/watch?v=aMF9X83i_Tc": "I Travelled To Chiang Mai, Thailand 🇹🇭 | Solo Travel |  Travel Vlog pt 1  | Munmun Dutta",
    "https://www.youtube.com/watch?v=HysbHexrq94": "NIGHT DRIVE TRAVELLING VLOG AL MADINAH SAUDI ARABIA",
    "https://www.youtube.com/shorts/SXbSebV69Z8": "#shorts #malayalam #wayanad #churam #travel #travelling #thamarassery_churam",
    "https://www.youtube.com/shorts/Kbp3IhLrnv8": "Travel With Joshi #shorts #beautifulnature #enjoy #travelling #travelwithjoshi #joshi",
    "https://www.youtube.com/shorts/xonMeCkezzw": "Beautiful Nature Shorts #nature #travel #shorts @Ashu Vlogs @Nature #travelling #ashuvlogs",
    "https://www.youtube.com/shorts/YQD2LIcmBUA": "Sonbhadra Mountains 💚🍁 #mountains #hiking #travelling #india #uttarpradesh  #socialmediamarketing",
    "https://www.youtube.com/watch?v=jpBg11_NNjE": "international travelling to a beautiful beach road tour in India watch Australia Germany Singapore",
    "https://www.youtube.com/shorts/0qubCIj8tBg": "Amer fort Jaipur #amerfortjaipur #sayari #love #travelling #travel #trending #viral",
    "https://www.youtube.com/shorts/tOlIFia-CQk": "TRAVELLING TO THE HIGHEST POINT IN VIETNAM #shorts #travel #vietnam",
    "https://www.youtube.com/watch?v=hfIXHBU-neU": "Travel Tirupati to Chennai | Couchsurfing host In South india | Ennore Beach",
    "https://www.youtube.com/shorts/5uRIbEpOLGg": "30 seconds of Switzerland // wonder // #shorts #Switzerland #travel #travelling #meditation",
    "https://www.youtube.com/shorts/61vQOXadfYA": "##travel ##travelling ##trip ##chill ##explore ##trending ##journey ##roadtrip ##driving ##cloud"
}